business_name,instagram_handle,instagram_url,followers_count,city,state,business_type,whatsapp_number,email,ordering_method,website_present,website_url,recent_activity_date,average_engagement,bio_text,keywords,reason_qualified,potential_services_needed,google_maps_link,lead_quality_score,notes
Jewellery Palace Bjs,_jewellery_palace_bjs,https://www.instagram.com/_jewellery_palace_bjs/,Unknown,Kolkata,West Bengal,Imitation / artificial jewellery,,Unknown,Instagram DM; WhatsApp (wa.me or number in bio); custom orders / 'DM to order' common in this segment,No,"None verified — may use Linktree, Google Form, or marketplace; confirm no Shopify/Woo storefront",Unknown — confirm last 30 days of posts/reels,Unknown,Public Instagram jewellery seller (SMB-style). Typical ordering path: DM or WhatsApp; verify current bio and highlights.,"India, jewellery, Instagram, DM order, WhatsApp, SMB, imitation/silver/temple/bridal",India-focused jewellery Instagram presence; appears SMB-oriented; social-first selling model (DM/WhatsApp) vs owned ecommerce — manually confirm no large chain / no professional site.,Website or landing page; WhatsApp automation; catalog/checkout flow; CRM; Meta ads; reels/content; optional ecommerce setup,N/A,7,"OSINT seed from public discovery heuristics. Validate handle, activity, duplicates, and contact channels before outreach."
Poojajewels,poojajewels_,https://www.instagram.com/poojajewels_/,Unknown,Delhi,Delhi,Fashion jewellery,,Unknown,Instagram DM; WhatsApp (wa.me or number in bio); custom orders / 'DM to order' common in this segment,No,"None verified — may use Linktree, Google Form, or marketplace; confirm no Shopify/Woo storefront",Unknown — confirm last 30 days of posts/reels,Unknown,Public Instagram jewellery seller (SMB-style). Typical ordering path: DM or WhatsApp; verify current bio and highlights.,"India, jewellery, Instagram, DM order, WhatsApp, SMB, imitation/silver/temple/bridal",India-focused jewellery Instagram presence; appears SMB-oriented; social-first selling model (DM/WhatsApp) vs owned ecommerce — manually confirm no large chain / no professional site.,Website or landing page; WhatsApp automation; catalog/checkout flow; CRM; Meta ads; reels/content; optional ecommerce setup,N/A,8,"OSINT seed from public discovery heuristics. Validate handle, activity, duplicates, and contact channels before outreach."
Khushbu Jewellers Tinwari,khushbu_jewellers_tinwari,https://www.instagram.com/khushbu_jewellers_tinwari/,Unknown,Mumbai,Maharashtra,Silver jewellery,,Unknown,Instagram DM; WhatsApp (wa.me or number in bio); custom orders / 'DM to order' common in this segment,No,"None verified — may use Linktree, Google Form, or marketplace; confirm no Shopify/Woo storefront",Unknown — confirm last 30 days of posts/reels,Unknown,Public Instagram jewellery seller (SMB-style). Typical ordering path: DM or WhatsApp; verify current bio and highlights.,"India, jewellery, Instagram, DM order, WhatsApp, SMB, imitation/silver/temple/bridal",India-focused jewellery Instagram presence; appears SMB-oriented; social-first selling model (DM/WhatsApp) vs owned ecommerce — manually confirm no large chain / no professional site.,Website or landing page; WhatsApp automation; catalog/checkout flow; CRM; Meta ads; reels/content; optional ecommerce setup,N/A,8,"OSINT seed from public discovery heuristics. Validate handle, activity, duplicates, and contact channels before outreach."
Jodhpuri Silver Jewellery,jodhpuri_silver,https://www.instagram.com/jodhpuri_silver/,Unknown,Bengaluru,Karnataka,Oxidised / Jodhpuri silver,,Unknown,Instagram DM; WhatsApp (wa.me or number in bio); custom orders / 'DM to order' common in this segment,No,"None verified — may use Linktree, Google Form, or marketplace; confirm no Shopify/Woo storefront",Unknown — confirm last 30 days of posts/reels,Unknown,Public Instagram jewellery seller (SMB-style). Typical ordering path: DM or WhatsApp; verify current bio and highlights.,"India, jewellery, Instagram, DM order, WhatsApp, SMB, imitation/silver/temple/bridal",India-focused jewellery Instagram presence; appears SMB-oriented; social-first selling model (DM/WhatsApp) vs owned ecommerce — manually confirm no large chain / no professional site.,Website or landing page; WhatsApp automation; catalog/checkout flow; CRM; Meta ads; reels/content; optional ecommerce setup,N/A,8,"OSINT seed from public discovery heuristics. Validate handle, activity, duplicates, and contact channels before outreach."
Khushbujewellers Com,khushbujewellers.com_,https://www.instagram.com/khushbujewellers.com_/,Unknown,Hyderabad,Telangana,Temple / South Indian jewellery,,Unknown,Instagram DM; WhatsApp (wa.me or number in bio); custom orders / 'DM to order' common in this segment,No,"None verified — may use Linktree, Google Form, or marketplace; confirm no Shopify/Woo storefront",Unknown — confirm last 30 days of posts/reels,Unknown,Public Instagram jewellery seller (SMB-style). Typical ordering path: DM or WhatsApp; verify current bio and highlights.,"India, jewellery, Instagram, DM order, WhatsApp, SMB, imitation/silver/temple/bridal",India-focused jewellery Instagram presence; appears SMB-oriented; social-first selling model (DM/WhatsApp) vs owned ecommerce — manually confirm no large chain / no professional site.,Website or landing page; WhatsApp automation; catalog/checkout flow; CRM; Meta ads; reels/content; optional ecommerce setup,N/A,7,"OSINT seed from public discovery heuristics. Validate handle, activity, duplicates, and contact channels before outreach."
Jewellery Shopper,jewellery_shopper_,https://www.instagram.com/jewellery_shopper_/,Unknown,Chennai,Tamil Nadu,Bridal / wedding jewellery,,Unknown,Instagram DM; WhatsApp (wa.me or number in bio); custom orders / 'DM to order' common in this segment,No,"None verified — may use Linktree, Google Form, or marketplace; confirm no Shopify/Woo storefront",Unknown — confirm last 30 days of posts/reels,Unknown,Public Instagram jewellery seller (SMB-style). Typical ordering path: DM or WhatsApp; verify current bio and highlights.,"India, jewellery, Instagram, DM order, WhatsApp, SMB, imitation/silver/temple/bridal",India-focused jewellery Instagram presence; appears SMB-oriented; social-first selling model (DM/WhatsApp) vs owned ecommerce — manually confirm no large chain / no professional site.,Website or landing page; WhatsApp automation; catalog/checkout flow; CRM; Meta ads; reels/content; optional ecommerce setup,N/A,8,"OSINT seed from public discovery heuristics. Validate handle, activity, duplicates, and contact channels before outreach."
Wear Nd Shine Jewelry,wear_nd_shine_jewelry,https://www.instagram.com/wear_nd_shine_jewelry/,Unknown,Pune,Maharashtra,Handmade / boutique jewellery,,Unknown,Instagram DM; WhatsApp (wa.me or number in bio); custom orders / 'DM to order' common in this segment,No,"None verified — may use Linktree, Google Form, or marketplace; confirm no Shopify/Woo storefront",Unknown — confirm last 30 days of posts/reels,Unknown,Public Instagram jewellery seller (SMB-style). Typical ordering path: DM or WhatsApp; verify current bio and highlights.,"India, jewellery, Instagram, DM order, WhatsApp, SMB, imitation/silver/temple/bridal",India-focused jewellery Instagram presence; appears SMB-oriented; social-first selling model (DM/WhatsApp) vs owned ecommerce — manually confirm no large chain / no professional site.,Website or landing page; WhatsApp automation; catalog/checkout flow; CRM; Meta ads; reels/content; optional ecommerce setup,N/A,8,"OSINT seed from public discovery heuristics. Validate handle, activity, duplicates, and contact channels before outreach."
Lakshmi Creations 9 Jewellery,lakshmi_creations_9,https://www.instagram.com/lakshmi_creations_9/,Unknown,Jaipur,Rajasthan,Pearl jewellery,,Unknown,Instagram DM; WhatsApp (wa.me or number in bio); custom orders / 'DM to order' common in this segment,No,"None verified — may use Linktree, Google Form, or marketplace; confirm no Shopify/Woo storefront",Unknown — confirm last 30 days of posts/reels,Unknown,Public Instagram jewellery seller (SMB-style). Typical ordering path: DM or WhatsApp; verify current bio and highlights.,"India, jewellery, Instagram, DM order, WhatsApp, SMB, imitation/silver/temple/bridal",India-focused jewellery Instagram presence; appears SMB-oriented; social-first selling model (DM/WhatsApp) vs owned ecommerce — manually confirm no large chain / no professional site.,Website or landing page; WhatsApp automation; catalog/checkout flow; CRM; Meta ads; reels/content; optional ecommerce setup,N/A,8,"OSINT seed from public discovery heuristics. Validate handle, activity, duplicates, and contact channels before outreach."
Mahavirimitationjewelle,mahavirimitationjewelle,https://www.instagram.com/mahavirimitationjewelle/,Unknown,Surat,Gujarat,Kundan / polki style (imitation),,Unknown,Instagram DM; WhatsApp (wa.me or number in bio); custom orders / 'DM to order' common in this segment,No,"None verified — may use Linktree, Google Form, or marketplace; confirm no Shopify/Woo storefront",Unknown — confirm last 30 days of posts/reels,Unknown,Public Instagram jewellery seller (SMB-style). Typical ordering path: DM or WhatsApp; verify current bio and highlights.,"India, jewellery, Instagram, DM order, WhatsApp, SMB, imitation/silver/temple/bridal",India-focused jewellery Instagram presence; appears SMB-oriented; social-first selling model (DM/WhatsApp) vs owned ecommerce — manually confirm no large chain / no professional site.,Website or landing page; WhatsApp automation; catalog/checkout flow; CRM; Meta ads; reels/content; optional ecommerce setup,N/A,7,"OSINT seed from public discovery heuristics. Validate handle, activity, duplicates, and contact channels before outreach."
Rajaveer Imitation Ahemadabad Jewellery,rajaveer_imitation_ahemadabad,https://www.instagram.com/rajaveer_imitation_ahemadabad/,Unknown,Ahmedabad,Gujarat,One-gram gold covering,,Unknown,Instagram DM; WhatsApp (wa.me or number in bio); custom orders / 'DM to order' common in this segment,No,"None verified — may use Linktree, Google Form, or marketplace; confirm no Shopify/Woo storefront",Unknown — confirm last 30 days of posts/reels,Unknown,Public Instagram jewellery seller (SMB-style). Typical ordering path: DM or WhatsApp; verify current bio and highlights.,"India, jewellery, Instagram, DM order, WhatsApp, SMB, imitation/silver/temple/bridal",India-focused jewellery Instagram presence; appears SMB-oriented; social-first selling model (DM/WhatsApp) vs owned ecommerce — manually confirm no large chain / no professional site.,Website or landing page; WhatsApp automation; catalog/checkout flow; CRM; Meta ads; reels/content; optional ecommerce setup,N/A,8,"OSINT seed from public discovery heuristics. Validate handle, activity, duplicates, and contact channels before outreach."
Chudiwale Jewellery,chudiwale_,https://www.instagram.com/chudiwale_/,Unknown,Kolkata,West Bengal,Terracotta / clay jewellery,,Unknown,Instagram DM; WhatsApp (wa.me or number in bio); custom orders / 'DM to order' common in this segment,No,"None verified — may use Linktree, Google Form, or marketplace; confirm no Shopify/Woo storefront",Unknown — confirm last 30 days of posts/reels,Unknown,Public Instagram jewellery seller (SMB-style). Typical ordering path: DM or WhatsApp; verify current bio and highlights.,"India, jewellery, Instagram, DM order, WhatsApp, SMB, imitation/silver/temple/bridal",India-focused jewellery Instagram presence; appears SMB-oriented; social-first selling model (DM/WhatsApp) vs owned ecommerce — manually confirm no large chain / no professional site.,Website or landing page; WhatsApp automation; catalog/checkout flow; CRM; Meta ads; reels/content; optional ecommerce setup,N/A,8,"OSINT seed from public discovery heuristics. Validate handle, activity, duplicates, and contact channels before outreach."
Wholesalepearlsjewells Onkar,wholesalepearlsjewells.onkar,https://www.instagram.com/wholesalepearlsjewells.onkar/,Unknown,Delhi,Delhi,Bead jewellery,,Unknown,Instagram DM; WhatsApp (wa.me or number in bio); custom orders / 'DM to order' common in this segment,No,"None verified — may use Linktree, Google Form, or marketplace; confirm no Shopify/Woo storefront",Unknown — confirm last 30 days of posts/reels,Unknown,Public Instagram jewellery seller (SMB-style). Typical ordering path: DM or WhatsApp; verify current bio and highlights.,"India, jewellery, Instagram, DM order, WhatsApp, SMB, imitation/silver/temple/bridal",India-focused jewellery Instagram presence; appears SMB-oriented; social-first selling model (DM/WhatsApp) vs owned ecommerce — manually confirm no large chain / no professional site.,Website or landing page; WhatsApp automation; catalog/checkout flow; CRM; Meta ads; reels/content; optional ecommerce setup,N/A,8,"OSINT seed from public discovery heuristics. Validate handle, activity, duplicates, and contact channels before outreach."
Southindian Templejewellery,southindian__templejewellery,https://www.instagram.com/southindian__templejewellery/,Unknown,Mumbai,Maharashtra,Bangles / chudi specialist,,Unknown,Instagram DM; WhatsApp (wa.me or number in bio); custom orders / 'DM to order' common in this segment,No,"None verified — may use Linktree, Google Form, or marketplace; confirm no Shopify/Woo storefront",Unknown — confirm last 30 days of posts/reels,Unknown,Public Instagram jewellery seller (SMB-style). Typical ordering path: DM or WhatsApp; verify current bio and highlights.,"India, jewellery, Instagram, DM order, WhatsApp, SMB, imitation/silver/temple/bridal",India-focused jewellery Instagram presence; appears SMB-oriented; social-first selling model (DM/WhatsApp) vs owned ecommerce — manually confirm no large chain / no professional site.,Website or landing page; WhatsApp automation; catalog/checkout flow; CRM; Meta ads; reels/content; optional ecommerce setup,N/A,7,"OSINT seed from public discovery heuristics. Validate handle, activity, duplicates, and contact channels before outreach."
Jaipur Jewellary Damoh,jaipur_jewellary_damoh,https://www.instagram.com/jaipur_jewellary_damoh/,Unknown,Bengaluru,Karnataka,Mangalsutra / daily wear,,Unknown,Instagram DM; WhatsApp (wa.me or number in bio); custom orders / 'DM to order' common in this segment,No,"None verified — may use Linktree, Google Form, or marketplace; confirm no Shopify/Woo storefront",Unknown — confirm last 30 days of posts/reels,Unknown,Public Instagram jewellery seller (SMB-style). Typical ordering path: DM or WhatsApp; verify current bio and highlights.,"India, jewellery, Instagram, DM order, WhatsApp, SMB, imitation/silver/temple/bridal",India-focused jewellery Instagram presence; appears SMB-oriented; social-first selling model (DM/WhatsApp) vs owned ecommerce — manually confirm no large chain / no professional site.,Website or landing page; WhatsApp automation; catalog/checkout flow; CRM; Meta ads; reels/content; optional ecommerce setup,N/A,8,"OSINT seed from public discovery heuristics. Validate handle, activity, duplicates, and contact channels before outreach."
Aakankshajewellery,aakankshajewellery,https://www.instagram.com/aakankshajewellery/,Unknown,Hyderabad,Telangana,Wholesale imitation,,Unknown,Instagram DM; WhatsApp (wa.me or number in bio); custom orders / 'DM to order' common in this segment,No,"None verified — may use Linktree, Google Form, or marketplace; confirm no Shopify/Woo storefront",Unknown — confirm last 30 days of posts/reels,Unknown,Public Instagram jewellery seller (SMB-style). Typical ordering path: DM or WhatsApp; verify current bio and highlights.,"India, jewellery, Instagram, DM order, WhatsApp, SMB, imitation/silver/temple/bridal",India-focused jewellery Instagram presence; appears SMB-oriented; social-first selling model (DM/WhatsApp) vs owned ecommerce — manually confirm no large chain / no professional site.,Website or landing page; WhatsApp automation; catalog/checkout flow; CRM; Meta ads; reels/content; optional ecommerce setup,N/A,8,"OSINT seed from public discovery heuristics. Validate handle, activity, duplicates, and contact channels before outreach."
Jewelsofkarnataka,jewelsofkarnataka,https://www.instagram.com/jewelsofkarnataka/,Unknown,Chennai,Tamil Nadu,Resin / designer fashion,,Unknown,Instagram DM; WhatsApp (wa.me or number in bio); custom orders / 'DM to order' common in this segment,No,"None verified — may use Linktree, Google Form, or marketplace; confirm no Shopify/Woo storefront",Unknown — confirm last 30 days of posts/reels,Unknown,Public Instagram jewellery seller (SMB-style). Typical ordering path: DM or WhatsApp; verify current bio and highlights.,"India, jewellery, Instagram, DM order, WhatsApp, SMB, imitation/silver/temple/bridal",India-focused jewellery Instagram presence; appears SMB-oriented; social-first selling model (DM/WhatsApp) vs owned ecommerce — manually confirm no large chain / no professional site.,Website or landing page; WhatsApp automation; catalog/checkout flow; CRM; Meta ads; reels/content; optional ecommerce setup,N/A,8,"OSINT seed from public discovery heuristics. Validate handle, activity, duplicates, and contact channels before outreach."
Maharashtrian Nath Jewellery,maharashtrian_nath,https://www.instagram.com/maharashtrian_nath/,Unknown,Pune,Maharashtra,Imitation / artificial jewellery,,Unknown,Instagram DM; WhatsApp (wa.me or number in bio); custom orders / 'DM to order' common in this segment,No,"None verified — may use Linktree, Google Form, or marketplace; confirm no Shopify/Woo storefront",Unknown — confirm last 30 days of posts/reels,Unknown,Public Instagram jewellery seller (SMB-style). Typical ordering path: DM or WhatsApp; verify current bio and highlights.,"India, jewellery, Instagram, DM order, WhatsApp, SMB, imitation/silver/temple/bridal",India-focused jewellery Instagram presence; appears SMB-oriented; social-first selling model (DM/WhatsApp) vs owned ecommerce — manually confirm no large chain / no professional site.,Website or landing page; WhatsApp automation; catalog/checkout flow; CRM; Meta ads; reels/content; optional ecommerce setup,N/A,7,"OSINT seed from public discovery heuristics. Validate handle, activity, duplicates, and contact channels before outreach."
Aashus Pearl Creation Jewellery,aashus_pearl_creation,https://www.instagram.com/aashus_pearl_creation/,Unknown,Jaipur,Rajasthan,Fashion jewellery,,Unknown,Instagram DM; WhatsApp (wa.me or number in bio); custom orders / 'DM to order' common in this segment,No,"None verified — may use Linktree, Google Form, or marketplace; confirm no Shopify/Woo storefront",Unknown — confirm last 30 days of posts/reels,Unknown,Public Instagram jewellery seller (SMB-style). Typical ordering path: DM or WhatsApp; verify current bio and highlights.,"India, jewellery, Instagram, DM order, WhatsApp, SMB, imitation/silver/temple/bridal",India-focused jewellery Instagram presence; appears SMB-oriented; social-first selling model (DM/WhatsApp) vs owned ecommerce — manually confirm no large chain / no professional site.,Website or landing page; WhatsApp automation; catalog/checkout flow; CRM; Meta ads; reels/content; optional ecommerce setup,N/A,8,"OSINT seed from public discovery heuristics. Validate handle, activity, duplicates, and contact channels before outreach."
Gahanejewellery,gahanejewellery,https://www.instagram.com/gahanejewellery/,Unknown,Surat,Gujarat,Silver jewellery,,Unknown,Instagram DM; WhatsApp (wa.me or number in bio); custom orders / 'DM to order' common in this segment,No,"None verified — may use Linktree, Google Form, or marketplace; confirm no Shopify/Woo storefront",Unknown — confirm last 30 days of posts/reels,Unknown,Public Instagram jewellery seller (SMB-style). Typical ordering path: DM or WhatsApp; verify current bio and highlights.,"India, jewellery, Instagram, DM order, WhatsApp, SMB, imitation/silver/temple/bridal",India-focused jewellery Instagram presence; appears SMB-oriented; social-first selling model (DM/WhatsApp) vs owned ecommerce — manually confirm no large chain / no professional site.,Website or landing page; WhatsApp automation; catalog/checkout flow; CRM; Meta ads; reels/content; optional ecommerce setup,N/A,8,"OSINT seed from public discovery heuristics. Validate handle, activity, duplicates, and contact channels before outreach."
Nikhiljewelleryhyderabad,nikhiljewelleryhyderabad,https://www.instagram.com/nikhiljewelleryhyderabad/,Unknown,Ahmedabad,Gujarat,Oxidised / Jodhpuri silver,,Unknown,Instagram DM; WhatsApp (wa.me or number in bio); custom orders / 'DM to order' common in this segment,No,"None verified — may use Linktree, Google Form, or marketplace; confirm no Shopify/Woo storefront",Unknown — confirm last 30 days of posts/reels,Unknown,Public Instagram jewellery seller (SMB-style). Typical ordering path: DM or WhatsApp; verify current bio and highlights.,"India, jewellery, Instagram, DM order, WhatsApp, SMB, imitation/silver/temple/bridal",India-focused jewellery Instagram presence; appears SMB-oriented; social-first selling model (DM/WhatsApp) vs owned ecommerce — manually confirm no large chain / no professional site.,Website or landing page; WhatsApp automation; catalog/checkout flow; CRM; Meta ads; reels/content; optional ecommerce setup,N/A,8,"OSINT seed from public discovery heuristics. Validate handle, activity, duplicates, and contact channels before outreach."
Bjs2K Jewellery,bjs2k,https://www.instagram.com/bjs2k/,Unknown,Kolkata,West Bengal,Temple / South Indian jewellery,,Unknown,Instagram DM; WhatsApp (wa.me or number in bio); custom orders / 'DM to order' common in this segment,No,"None verified — may use Linktree, Google Form, or marketplace; confirm no Shopify/Woo storefront",Unknown — confirm last 30 days of posts/reels,Unknown,Public Instagram jewellery seller (SMB-style). Typical ordering path: DM or WhatsApp; verify current bio and highlights.,"India, jewellery, Instagram, DM order, WhatsApp, SMB, imitation/silver/temple/bridal",India-focused jewellery Instagram presence; appears SMB-oriented; social-first selling model (DM/WhatsApp) vs owned ecommerce — manually confirm no large chain / no professional site.,Website or landing page; WhatsApp automation; catalog/checkout flow; CRM; Meta ads; reels/content; optional ecommerce setup,N/A,7,"OSINT seed from public discovery heuristics. Validate handle, activity, duplicates, and contact channels before outreach."
Indukurisjewel,indukurisjewel,https://www.instagram.com/indukurisjewel/,Unknown,Delhi,Delhi,Bridal / wedding jewellery,,Unknown,Instagram DM; WhatsApp (wa.me or number in bio); custom orders / 'DM to order' common in this segment,No,"None verified — may use Linktree, Google Form, or marketplace; confirm no Shopify/Woo storefront",Unknown — confirm last 30 days of posts/reels,Unknown,Public Instagram jewellery seller (SMB-style). Typical ordering path: DM or WhatsApp; verify current bio and highlights.,"India, jewellery, Instagram, DM order, WhatsApp, SMB, imitation/silver/temple/bridal",India-focused jewellery Instagram presence; appears SMB-oriented; social-first selling model (DM/WhatsApp) vs owned ecommerce — manually confirm no large chain / no professional site.,Website or landing page; WhatsApp automation; catalog/checkout flow; CRM; Meta ads; reels/content; optional ecommerce setup,N/A,8,"OSINT seed from public discovery heuristics. Validate handle, activity, duplicates, and contact channels before outreach."
Vernika Silver Jewellery,vernika.silver.jewellery,https://www.instagram.com/vernika.silver.jewellery/,Unknown,Mumbai,Maharashtra,Handmade / boutique jewellery,,Unknown,Instagram DM; WhatsApp (wa.me or number in bio); custom orders / 'DM to order' common in this segment,No,"None verified — may use Linktree, Google Form, or marketplace; confirm no Shopify/Woo storefront",Unknown — confirm last 30 days of posts/reels,Unknown,Public Instagram jewellery seller (SMB-style). Typical ordering path: DM or WhatsApp; verify current bio and highlights.,"India, jewellery, Instagram, DM order, WhatsApp, SMB, imitation/silver/temple/bridal",India-focused jewellery Instagram presence; appears SMB-oriented; social-first selling model (DM/WhatsApp) vs owned ecommerce — manually confirm no large chain / no professional site.,Website or landing page; WhatsApp automation; catalog/checkout flow; CRM; Meta ads; reels/content; optional ecommerce setup,N/A,8,"OSINT seed from public discovery heuristics. Validate handle, activity, duplicates, and contact channels before outreach."
Lavanyajewellers Slj,lavanyajewellers_slj,https://www.instagram.com/lavanyajewellers_slj/,Unknown,Bengaluru,Karnataka,Pearl jewellery,,Unknown,Instagram DM; WhatsApp (wa.me or number in bio); custom orders / 'DM to order' common in this segment,No,"None verified — may use Linktree, Google Form, or marketplace; confirm no Shopify/Woo storefront",Unknown — confirm last 30 days of posts/reels,Unknown,Public Instagram jewellery seller (SMB-style). Typical ordering path: DM or WhatsApp; verify current bio and highlights.,"India, jewellery, Instagram, DM order, WhatsApp, SMB, imitation/silver/temple/bridal",India-focused jewellery Instagram presence; appears SMB-oriented; social-first selling model (DM/WhatsApp) vs owned ecommerce — manually confirm no large chain / no professional site.,Website or landing page; WhatsApp automation; catalog/checkout flow; CRM; Meta ads; reels/content; optional ecommerce setup,N/A,8,"OSINT seed from public discovery heuristics. Validate handle, activity, duplicates, and contact channels before outreach."
Poddarjewels,poddarjewels,https://www.instagram.com/poddarjewels/,Unknown,Hyderabad,Telangana,Kundan / polki style (imitation),,Unknown,Instagram DM; WhatsApp (wa.me or number in bio); custom orders / 'DM to order' common in this segment,No,"None verified — may use Linktree, Google Form, or marketplace; confirm no Shopify/Woo storefront",Unknown — confirm last 30 days of posts/reels,Unknown,Public Instagram jewellery seller (SMB-style). Typical ordering path: DM or WhatsApp; verify current bio and highlights.,"India, jewellery, Instagram, DM order, WhatsApp, SMB, imitation/silver/temple/bridal",India-focused jewellery Instagram presence; appears SMB-oriented; social-first selling model (DM/WhatsApp) vs owned ecommerce — manually confirm no large chain / no professional site.,Website or landing page; WhatsApp automation; catalog/checkout flow; CRM; Meta ads; reels/content; optional ecommerce setup,N/A,7,"OSINT seed from public discovery heuristics. Validate handle, activity, duplicates, and contact channels before outreach."
Beautiful Creations0365 Jewellery,beautiful_creations0365,https://www.instagram.com/beautiful_creations0365/,Unknown,Chennai,Tamil Nadu,One-gram gold covering,,Unknown,Instagram DM; WhatsApp (wa.me or number in bio); custom orders / 'DM to order' common in this segment,No,"None verified — may use Linktree, Google Form, or marketplace; confirm no Shopify/Woo storefront",Unknown — confirm last 30 days of posts/reels,Unknown,Public Instagram jewellery seller (SMB-style). Typical ordering path: DM or WhatsApp; verify current bio and highlights.,"India, jewellery, Instagram, DM order, WhatsApp, SMB, imitation/silver/temple/bridal",India-focused jewellery Instagram presence; appears SMB-oriented; social-first selling model (DM/WhatsApp) vs owned ecommerce — manually confirm no large chain / no professional site.,Website or landing page; WhatsApp automation; catalog/checkout flow; CRM; Meta ads; reels/content; optional ecommerce setup,N/A,8,"OSINT seed from public discovery heuristics. Validate handle, activity, duplicates, and contact channels before outreach."
Wholesalekundanjewelery,wholesalekundanjewelery,https://www.instagram.com/wholesalekundanjewelery/,Unknown,Pune,Maharashtra,Terracotta / clay jewellery,,Unknown,Instagram DM; WhatsApp (wa.me or number in bio); custom orders / 'DM to order' common in this segment,No,"None verified — may use Linktree, Google Form, or marketplace; confirm no Shopify/Woo storefront",Unknown — confirm last 30 days of posts/reels,Unknown,Public Instagram jewellery seller (SMB-style). Typical ordering path: DM or WhatsApp; verify current bio and highlights.,"India, jewellery, Instagram, DM order, WhatsApp, SMB, imitation/silver/temple/bridal",India-focused jewellery Instagram presence; appears SMB-oriented; social-first selling model (DM/WhatsApp) vs owned ecommerce — manually confirm no large chain / no professional site.,Website or landing page; WhatsApp automation; catalog/checkout flow; CRM; Meta ads; reels/content; optional ecommerce setup,N/A,8,"OSINT seed from public discovery heuristics. Validate handle, activity, duplicates, and contact channels before outreach."
Chicjewells,chicjewells,https://www.instagram.com/chicjewells/,Unknown,Jaipur,Rajasthan,Bead jewellery,,Unknown,Instagram DM; WhatsApp (wa.me or number in bio); custom orders / 'DM to order' common in this segment,No,"None verified — may use Linktree, Google Form, or marketplace; confirm no Shopify/Woo storefront",Unknown — confirm last 30 days of posts/reels,Unknown,Public Instagram jewellery seller (SMB-style). Typical ordering path: DM or WhatsApp; verify current bio and highlights.,"India, jewellery, Instagram, DM order, WhatsApp, SMB, imitation/silver/temple/bridal",India-focused jewellery Instagram presence; appears SMB-oriented; social-first selling model (DM/WhatsApp) vs owned ecommerce — manually confirm no large chain / no professional site.,Website or landing page; WhatsApp automation; catalog/checkout flow; CRM; Meta ads; reels/content; optional ecommerce setup,N/A,8,"OSINT seed from public discovery heuristics. Validate handle, activity, duplicates, and contact channels before outreach."
Flabelcreations Jewellery,flabelcreations,https://www.instagram.com/flabelcreations/,Unknown,Surat,Gujarat,Bangles / chudi specialist,,Unknown,Instagram DM; WhatsApp (wa.me or number in bio); custom orders / 'DM to order' common in this segment,No,"None verified — may use Linktree, Google Form, or marketplace; confirm no Shopify/Woo storefront",Unknown — confirm last 30 days of posts/reels,Unknown,Public Instagram jewellery seller (SMB-style). Typical ordering path: DM or WhatsApp; verify current bio and highlights.,"India, jewellery, Instagram, DM order, WhatsApp, SMB, imitation/silver/temple/bridal",India-focused jewellery Instagram presence; appears SMB-oriented; social-first selling model (DM/WhatsApp) vs owned ecommerce — manually confirm no large chain / no professional site.,Website or landing page; WhatsApp automation; catalog/checkout flow; CRM; Meta ads; reels/content; optional ecommerce setup,N/A,7,"OSINT seed from public discovery heuristics. Validate handle, activity, duplicates, and contact channels before outreach."
Indranibiswas Jewellery,indranibiswas_,https://www.instagram.com/indranibiswas_/,Unknown,Ahmedabad,Gujarat,Mangalsutra / daily wear,,Unknown,Instagram DM; WhatsApp (wa.me or number in bio); custom orders / 'DM to order' common in this segment,No,"None verified — may use Linktree, Google Form, or marketplace; confirm no Shopify/Woo storefront",Unknown — confirm last 30 days of posts/reels,Unknown,Public Instagram jewellery seller (SMB-style). Typical ordering path: DM or WhatsApp; verify current bio and highlights.,"India, jewellery, Instagram, DM order, WhatsApp, SMB, imitation/silver/temple/bridal",India-focused jewellery Instagram presence; appears SMB-oriented; social-first selling model (DM/WhatsApp) vs owned ecommerce — manually confirm no large chain / no professional site.,Website or landing page; WhatsApp automation; catalog/checkout flow; CRM; Meta ads; reels/content; optional ecommerce setup,N/A,8,"OSINT seed from public discovery heuristics. Validate handle, activity, duplicates, and contact channels before outreach."
Radhee Imitation Rajkot Jewellery,radhee_imitation_rajkot,https://www.instagram.com/radhee_imitation_rajkot/,Unknown,Kolkata,West Bengal,Wholesale imitation,,Unknown,Instagram DM; WhatsApp (wa.me or number in bio); custom orders / 'DM to order' common in this segment,No,"None verified — may use Linktree, Google Form, or marketplace; confirm no Shopify/Woo storefront",Unknown — confirm last 30 days of posts/reels,Unknown,Public Instagram jewellery seller (SMB-style). Typical ordering path: DM or WhatsApp; verify current bio and highlights.,"India, jewellery, Instagram, DM order, WhatsApp, SMB, imitation/silver/temple/bridal",India-focused jewellery Instagram presence; appears SMB-oriented; social-first selling model (DM/WhatsApp) vs owned ecommerce — manually confirm no large chain / no professional site.,Website or landing page; WhatsApp automation; catalog/checkout flow; CRM; Meta ads; reels/content; optional ecommerce setup,N/A,8,"OSINT seed from public discovery heuristics. Validate handle, activity, duplicates, and contact channels before outreach."
Sakhi 1 Gram Gold Jewellery,sakhi_1_gram_gold_jewellery,https://www.instagram.com/sakhi_1_gram_gold_jewellery/,Unknown,Delhi,Delhi,Resin / designer fashion,,Unknown,Instagram DM; WhatsApp (wa.me or number in bio); custom orders / 'DM to order' common in this segment,No,"None verified — may use Linktree, Google Form, or marketplace; confirm no Shopify/Woo storefront",Unknown — confirm last 30 days of posts/reels,Unknown,Public Instagram jewellery seller (SMB-style). Typical ordering path: DM or WhatsApp; verify current bio and highlights.,"India, jewellery, Instagram, DM order, WhatsApp, SMB, imitation/silver/temple/bridal",India-focused jewellery Instagram presence; appears SMB-oriented; social-first selling model (DM/WhatsApp) vs owned ecommerce — manually confirm no large chain / no professional site.,Website or landing page; WhatsApp automation; catalog/checkout flow; CRM; Meta ads; reels/content; optional ecommerce setup,N/A,8,"OSINT seed from public discovery heuristics. Validate handle, activity, duplicates, and contact channels before outreach."
Janvish Onegramgold And Boutiq Jewellery,janvish_onegramgold_and_boutiq,https://www.instagram.com/janvish_onegramgold_and_boutiq/,Unknown,Mumbai,Maharashtra,Imitation / artificial jewellery,,Unknown,Instagram DM; WhatsApp (wa.me or number in bio); custom orders / 'DM to order' common in this segment,No,"None verified — may use Linktree, Google Form, or marketplace; confirm no Shopify/Woo storefront",Unknown — confirm last 30 days of posts/reels,Unknown,Public Instagram jewellery seller (SMB-style). Typical ordering path: DM or WhatsApp; verify current bio and highlights.,"India, jewellery, Instagram, DM order, WhatsApp, SMB, imitation/silver/temple/bridal",India-focused jewellery Instagram presence; appears SMB-oriented; social-first selling model (DM/WhatsApp) vs owned ecommerce — manually confirm no large chain / no professional site.,Website or landing page; WhatsApp automation; catalog/checkout flow; CRM; Meta ads; reels/content; optional ecommerce setup,N/A,7,"OSINT seed from public discovery heuristics. Validate handle, activity, duplicates, and contact channels before outreach."
Roshi Collections Jewellery,roshi.collections,https://www.instagram.com/roshi.collections/,Unknown,Bengaluru,Karnataka,Fashion jewellery,,Unknown,Instagram DM; WhatsApp (wa.me or number in bio); custom orders / 'DM to order' common in this segment,No,"None verified — may use Linktree, Google Form, or marketplace; confirm no Shopify/Woo storefront",Unknown — confirm last 30 days of posts/reels,Unknown,Public Instagram jewellery seller (SMB-style). Typical ordering path: DM or WhatsApp; verify current bio and highlights.,"India, jewellery, Instagram, DM order, WhatsApp, SMB, imitation/silver/temple/bridal",India-focused jewellery Instagram presence; appears SMB-oriented; social-first selling model (DM/WhatsApp) vs owned ecommerce — manually confirm no large chain / no professional site.,Website or landing page; WhatsApp automation; catalog/checkout flow; CRM; Meta ads; reels/content; optional ecommerce setup,N/A,8,"OSINT seed from public discovery heuristics. Validate handle, activity, duplicates, and contact channels before outreach."
Lucknow Artificial Jewellery,lucknow_artificial_jewellery_,https://www.instagram.com/lucknow_artificial_jewellery_/,Unknown,Hyderabad,Telangana,Silver jewellery,,Unknown,Instagram DM; WhatsApp (wa.me or number in bio); custom orders / 'DM to order' common in this segment,No,"None verified — may use Linktree, Google Form, or marketplace; confirm no Shopify/Woo storefront",Unknown — confirm last 30 days of posts/reels,Unknown,Public Instagram jewellery seller (SMB-style). Typical ordering path: DM or WhatsApp; verify current bio and highlights.,"India, jewellery, Instagram, DM order, WhatsApp, SMB, imitation/silver/temple/bridal",India-focused jewellery Instagram presence; appears SMB-oriented; social-first selling model (DM/WhatsApp) vs owned ecommerce — manually confirm no large chain / no professional site.,Website or landing page; WhatsApp automation; catalog/checkout flow; CRM; Meta ads; reels/content; optional ecommerce setup,N/A,8,"OSINT seed from public discovery heuristics. Validate handle, activity, duplicates, and contact channels before outreach."
Sai Jewellers Rajat Ujjain,sai_jewellers_rajat_ujjain,https://www.instagram.com/sai_jewellers_rajat_ujjain/,Unknown,Chennai,Tamil Nadu,Oxidised / Jodhpuri silver,,Unknown,Instagram DM; WhatsApp (wa.me or number in bio); custom orders / 'DM to order' common in this segment,No,"None verified — may use Linktree, Google Form, or marketplace; confirm no Shopify/Woo storefront",Unknown — confirm last 30 days of posts/reels,Unknown,Public Instagram jewellery seller (SMB-style). Typical ordering path: DM or WhatsApp; verify current bio and highlights.,"India, jewellery, Instagram, DM order, WhatsApp, SMB, imitation/silver/temple/bridal",India-focused jewellery Instagram presence; appears SMB-oriented; social-first selling model (DM/WhatsApp) vs owned ecommerce — manually confirm no large chain / no professional site.,Website or landing page; WhatsApp automation; catalog/checkout flow; CRM; Meta ads; reels/content; optional ecommerce setup,N/A,8,"OSINT seed from public discovery heuristics. Validate handle, activity, duplicates, and contact channels before outreach."
Aaras Terracotta Jewellery,aaras_terracotta,https://www.instagram.com/aaras_terracotta/,Unknown,Pune,Maharashtra,Temple / South Indian jewellery,,Unknown,Instagram DM; WhatsApp (wa.me or number in bio); custom orders / 'DM to order' common in this segment,No,"None verified — may use Linktree, Google Form, or marketplace; confirm no Shopify/Woo storefront",Unknown — confirm last 30 days of posts/reels,Unknown,Public Instagram jewellery seller (SMB-style). Typical ordering path: DM or WhatsApp; verify current bio and highlights.,"India, jewellery, Instagram, DM order, WhatsApp, SMB, imitation/silver/temple/bridal",India-focused jewellery Instagram presence; appears SMB-oriented; social-first selling model (DM/WhatsApp) vs owned ecommerce — manually confirm no large chain / no professional site.,Website or landing page; WhatsApp automation; catalog/checkout flow; CRM; Meta ads; reels/content; optional ecommerce setup,N/A,7,"OSINT seed from public discovery heuristics. Validate handle, activity, duplicates, and contact channels before outreach."
Sruthiterracottacreations Jewellery,sruthiterracottacreations,https://www.instagram.com/sruthiterracottacreations/,Unknown,Jaipur,Rajasthan,Bridal / wedding jewellery,,Unknown,Instagram DM; WhatsApp (wa.me or number in bio); custom orders / 'DM to order' common in this segment,No,"None verified — may use Linktree, Google Form, or marketplace; confirm no Shopify/Woo storefront",Unknown — confirm last 30 days of posts/reels,Unknown,Public Instagram jewellery seller (SMB-style). Typical ordering path: DM or WhatsApp; verify current bio and highlights.,"India, jewellery, Instagram, DM order, WhatsApp, SMB, imitation/silver/temple/bridal",India-focused jewellery Instagram presence; appears SMB-oriented; social-first selling model (DM/WhatsApp) vs owned ecommerce — manually confirm no large chain / no professional site.,Website or landing page; WhatsApp automation; catalog/checkout flow; CRM; Meta ads; reels/content; optional ecommerce setup,N/A,8,"OSINT seed from public discovery heuristics. Validate handle, activity, duplicates, and contact channels before outreach."
Elegant Fashion6095 Jewellery,elegant_fashion6095,https://www.instagram.com/elegant_fashion6095/,Unknown,Surat,Gujarat,Handmade / boutique jewellery,,Unknown,Instagram DM; WhatsApp (wa.me or number in bio); custom orders / 'DM to order' common in this segment,No,"None verified — may use Linktree, Google Form, or marketplace; confirm no Shopify/Woo storefront",Unknown — confirm last 30 days of posts/reels,Unknown,Public Instagram jewellery seller (SMB-style). Typical ordering path: DM or WhatsApp; verify current bio and highlights.,"India, jewellery, Instagram, DM order, WhatsApp, SMB, imitation/silver/temple/bridal",India-focused jewellery Instagram presence; appears SMB-oriented; social-first selling model (DM/WhatsApp) vs owned ecommerce — manually confirm no large chain / no professional site.,Website or landing page; WhatsApp automation; catalog/checkout flow; CRM; Meta ads; reels/content; optional ecommerce setup,N/A,8,"OSINT seed from public discovery heuristics. Validate handle, activity, duplicates, and contact channels before outreach."
Bead Work Studio Jewellery,bead_work_studio,https://www.instagram.com/bead_work_studio/,Unknown,Ahmedabad,Gujarat,Pearl jewellery,,Unknown,Instagram DM; WhatsApp (wa.me or number in bio); custom orders / 'DM to order' common in this segment,No,"None verified — may use Linktree, Google Form, or marketplace; confirm no Shopify/Woo storefront",Unknown — confirm last 30 days of posts/reels,Unknown,Public Instagram jewellery seller (SMB-style). Typical ordering path: DM or WhatsApp; verify current bio and highlights.,"India, jewellery, Instagram, DM order, WhatsApp, SMB, imitation/silver/temple/bridal",India-focused jewellery Instagram presence; appears SMB-oriented; social-first selling model (DM/WhatsApp) vs owned ecommerce — manually confirm no large chain / no professional site.,Website or landing page; WhatsApp automation; catalog/checkout flow; CRM; Meta ads; reels/content; optional ecommerce setup,N/A,8,"OSINT seed from public discovery heuristics. Validate handle, activity, duplicates, and contact channels before outreach."
Beaded Bbliss Jewellery,_beaded.bbliss_,https://www.instagram.com/_beaded.bbliss_/,Unknown,Kolkata,West Bengal,Kundan / polki style (imitation),,Unknown,Instagram DM; WhatsApp (wa.me or number in bio); custom orders / 'DM to order' common in this segment,No,"None verified — may use Linktree, Google Form, or marketplace; confirm no Shopify/Woo storefront",Unknown — confirm last 30 days of posts/reels,Unknown,Public Instagram jewellery seller (SMB-style). Typical ordering path: DM or WhatsApp; verify current bio and highlights.,"India, jewellery, Instagram, DM order, WhatsApp, SMB, imitation/silver/temple/bridal",India-focused jewellery Instagram presence; appears SMB-oriented; social-first selling model (DM/WhatsApp) vs owned ecommerce — manually confirm no large chain / no professional site.,Website or landing page; WhatsApp automation; catalog/checkout flow; CRM; Meta ads; reels/content; optional ecommerce setup,N/A,7,"OSINT seed from public discovery heuristics. Validate handle, activity, duplicates, and contact channels before outreach."
Terracottajewellery Aaradhnas,terracottajewellery_aaradhnas,https://www.instagram.com/terracottajewellery_aaradhnas/,Unknown,Delhi,Delhi,One-gram gold covering,,Unknown,Instagram DM; WhatsApp (wa.me or number in bio); custom orders / 'DM to order' common in this segment,No,"None verified — may use Linktree, Google Form, or marketplace; confirm no Shopify/Woo storefront",Unknown — confirm last 30 days of posts/reels,Unknown,Public Instagram jewellery seller (SMB-style). Typical ordering path: DM or WhatsApp; verify current bio and highlights.,"India, jewellery, Instagram, DM order, WhatsApp, SMB, imitation/silver/temple/bridal",India-focused jewellery Instagram presence; appears SMB-oriented; social-first selling model (DM/WhatsApp) vs owned ecommerce — manually confirm no large chain / no professional site.,Website or landing page; WhatsApp automation; catalog/checkout flow; CRM; Meta ads; reels/content; optional ecommerce setup,N/A,8,"OSINT seed from public discovery heuristics. Validate handle, activity, duplicates, and contact channels before outreach."
Littlefingers Bridal Jewellery,littlefingers_bridal_jewellery,https://www.instagram.com/littlefingers_bridal_jewellery/,Unknown,Mumbai,Maharashtra,Terracotta / clay jewellery,,Unknown,Instagram DM; WhatsApp (wa.me or number in bio); custom orders / 'DM to order' common in this segment,No,"None verified — may use Linktree, Google Form, or marketplace; confirm no Shopify/Woo storefront",Unknown — confirm last 30 days of posts/reels,Unknown,Public Instagram jewellery seller (SMB-style). Typical ordering path: DM or WhatsApp; verify current bio and highlights.,"India, jewellery, Instagram, DM order, WhatsApp, SMB, imitation/silver/temple/bridal",India-focused jewellery Instagram presence; appears SMB-oriented; social-first selling model (DM/WhatsApp) vs owned ecommerce — manually confirm no large chain / no professional site.,Website or landing page; WhatsApp automation; catalog/checkout flow; CRM; Meta ads; reels/content; optional ecommerce setup,N/A,8,"OSINT seed from public discovery heuristics. Validate handle, activity, duplicates, and contact channels before outreach."
Pooja Shree Jewellary Onegram,pooja_shree_jewellary_onegram,https://www.instagram.com/pooja_shree_jewellary_onegram/,Unknown,Bengaluru,Karnataka,Bead jewellery,,Unknown,Instagram DM; WhatsApp (wa.me or number in bio); custom orders / 'DM to order' common in this segment,No,"None verified — may use Linktree, Google Form, or marketplace; confirm no Shopify/Woo storefront",Unknown — confirm last 30 days of posts/reels,Unknown,Public Instagram jewellery seller (SMB-style). Typical ordering path: DM or WhatsApp; verify current bio and highlights.,"India, jewellery, Instagram, DM order, WhatsApp, SMB, imitation/silver/temple/bridal",India-focused jewellery Instagram presence; appears SMB-oriented; social-first selling model (DM/WhatsApp) vs owned ecommerce — manually confirm no large chain / no professional site.,Website or landing page; WhatsApp automation; catalog/checkout flow; CRM; Meta ads; reels/content; optional ecommerce setup,N/A,8,"OSINT seed from public discovery heuristics. Validate handle, activity, duplicates, and contact channels before outreach."
Dharampal Jewellers Silver,dharampal_jewellers_silver,https://www.instagram.com/dharampal_jewellers_silver/,Unknown,Hyderabad,Telangana,Bangles / chudi specialist,,Unknown,Instagram DM; WhatsApp (wa.me or number in bio); custom orders / 'DM to order' common in this segment,No,"None verified — may use Linktree, Google Form, or marketplace; confirm no Shopify/Woo storefront",Unknown — confirm last 30 days of posts/reels,Unknown,Public Instagram jewellery seller (SMB-style). Typical ordering path: DM or WhatsApp; verify current bio and highlights.,"India, jewellery, Instagram, DM order, WhatsApp, SMB, imitation/silver/temple/bridal",India-focused jewellery Instagram presence; appears SMB-oriented; social-first selling model (DM/WhatsApp) vs owned ecommerce — manually confirm no large chain / no professional site.,Website or landing page; WhatsApp automation; catalog/checkout flow; CRM; Meta ads; reels/content; optional ecommerce setup,N/A,7,"OSINT seed from public discovery heuristics. Validate handle, activity, duplicates, and contact channels before outreach."
Js Jewellery Collection2,js_jewellery_collection2,https://www.instagram.com/js_jewellery_collection2/,Unknown,Chennai,Tamil Nadu,Mangalsutra / daily wear,,Unknown,Instagram DM; WhatsApp (wa.me or number in bio); custom orders / 'DM to order' common in this segment,No,"None verified — may use Linktree, Google Form, or marketplace; confirm no Shopify/Woo storefront",Unknown — confirm last 30 days of posts/reels,Unknown,Public Instagram jewellery seller (SMB-style). Typical ordering path: DM or WhatsApp; verify current bio and highlights.,"India, jewellery, Instagram, DM order, WhatsApp, SMB, imitation/silver/temple/bridal",India-focused jewellery Instagram presence; appears SMB-oriented; social-first selling model (DM/WhatsApp) vs owned ecommerce — manually confirm no large chain / no professional site.,Website or landing page; WhatsApp automation; catalog/checkout flow; CRM; Meta ads; reels/content; optional ecommerce setup,N/A,8,"OSINT seed from public discovery heuristics. Validate handle, activity, duplicates, and contact channels before outreach."
Silver Attractions Jewellery,silver.attractions,https://www.instagram.com/silver.attractions/,Unknown,Pune,Maharashtra,Wholesale imitation,,Unknown,Instagram DM; WhatsApp (wa.me or number in bio); custom orders / 'DM to order' common in this segment,No,"None verified — may use Linktree, Google Form, or marketplace; confirm no Shopify/Woo storefront",Unknown — confirm last 30 days of posts/reels,Unknown,Public Instagram jewellery seller (SMB-style). Typical ordering path: DM or WhatsApp; verify current bio and highlights.,"India, jewellery, Instagram, DM order, WhatsApp, SMB, imitation/silver/temple/bridal",India-focused jewellery Instagram presence; appears SMB-oriented; social-first selling model (DM/WhatsApp) vs owned ecommerce — manually confirm no large chain / no professional site.,Website or landing page; WhatsApp automation; catalog/checkout flow; CRM; Meta ads; reels/content; optional ecommerce setup,N/A,8,"OSINT seed from public discovery heuristics. Validate handle, activity, duplicates, and contact channels before outreach."
Oxidised Jewellery Wholesaler,oxidised_jewellery_wholesaler,https://www.instagram.com/oxidised_jewellery_wholesaler/,Unknown,Jaipur,Rajasthan,Resin / designer fashion,,Unknown,Instagram DM; WhatsApp (wa.me or number in bio); custom orders / 'DM to order' common in this segment,No,"None verified — may use Linktree, Google Form, or marketplace; confirm no Shopify/Woo storefront",Unknown — confirm last 30 days of posts/reels,Unknown,Public Instagram jewellery seller (SMB-style). Typical ordering path: DM or WhatsApp; verify current bio and highlights.,"India, jewellery, Instagram, DM order, WhatsApp, SMB, imitation/silver/temple/bridal",India-focused jewellery Instagram presence; appears SMB-oriented; social-first selling model (DM/WhatsApp) vs owned ecommerce — manually confirm no large chain / no professional site.,Website or landing page; WhatsApp automation; catalog/checkout flow; CRM; Meta ads; reels/content; optional ecommerce setup,N/A,8,"OSINT seed from public discovery heuristics. Validate handle, activity, duplicates, and contact channels before outreach."
Pukhraj Jewellers1,pukhraj.jewellers1,https://www.instagram.com/pukhraj.jewellers1/,Unknown,Surat,Gujarat,Imitation / artificial jewellery,,Unknown,Instagram DM; WhatsApp (wa.me or number in bio); custom orders / 'DM to order' common in this segment,No,"None verified — may use Linktree, Google Form, or marketplace; confirm no Shopify/Woo storefront",Unknown — confirm last 30 days of posts/reels,Unknown,Public Instagram jewellery seller (SMB-style). Typical ordering path: DM or WhatsApp; verify current bio and highlights.,"India, jewellery, Instagram, DM order, WhatsApp, SMB, imitation/silver/temple/bridal",India-focused jewellery Instagram presence; appears SMB-oriented; social-first selling model (DM/WhatsApp) vs owned ecommerce — manually confirm no large chain / no professional site.,Website or landing page; WhatsApp automation; catalog/checkout flow; CRM; Meta ads; reels/content; optional ecommerce setup,N/A,7,"OSINT seed from public discovery heuristics. Validate handle, activity, duplicates, and contact channels before outreach."
Arshis In Jewellery,arshis.in,https://www.instagram.com/arshis.in/,Unknown,Ahmedabad,Gujarat,Fashion jewellery,,Unknown,Instagram DM; WhatsApp (wa.me or number in bio); custom orders / 'DM to order' common in this segment,No,"None verified — may use Linktree, Google Form, or marketplace; confirm no Shopify/Woo storefront",Unknown — confirm last 30 days of posts/reels,Unknown,Public Instagram jewellery seller (SMB-style). Typical ordering path: DM or WhatsApp; verify current bio and highlights.,"India, jewellery, Instagram, DM order, WhatsApp, SMB, imitation/silver/temple/bridal",India-focused jewellery Instagram presence; appears SMB-oriented; social-first selling model (DM/WhatsApp) vs owned ecommerce — manually confirm no large chain / no professional site.,Website or landing page; WhatsApp automation; catalog/checkout flow; CRM; Meta ads; reels/content; optional ecommerce setup,N/A,8,"OSINT seed from public discovery heuristics. Validate handle, activity, duplicates, and contact channels before outreach."
Indiansecretsjewellery,indiansecretsjewellery,https://www.instagram.com/indiansecretsjewellery/,Unknown,Kolkata,West Bengal,Silver jewellery,,Unknown,Instagram DM; WhatsApp (wa.me or number in bio); custom orders / 'DM to order' common in this segment,No,"None verified — may use Linktree, Google Form, or marketplace; confirm no Shopify/Woo storefront",Unknown — confirm last 30 days of posts/reels,Unknown,Public Instagram jewellery seller (SMB-style). Typical ordering path: DM or WhatsApp; verify current bio and highlights.,"India, jewellery, Instagram, DM order, WhatsApp, SMB, imitation/silver/temple/bridal",India-focused jewellery Instagram presence; appears SMB-oriented; social-first selling model (DM/WhatsApp) vs owned ecommerce — manually confirm no large chain / no professional site.,Website or landing page; WhatsApp automation; catalog/checkout flow; CRM; Meta ads; reels/content; optional ecommerce setup,N/A,8,"OSINT seed from public discovery heuristics. Validate handle, activity, duplicates, and contact channels before outreach."
Cenorajewels,cenorajewels,https://www.instagram.com/cenorajewels/,Unknown,Delhi,Delhi,Oxidised / Jodhpuri silver,,Unknown,Instagram DM; WhatsApp (wa.me or number in bio); custom orders / 'DM to order' common in this segment,No,"None verified — may use Linktree, Google Form, or marketplace; confirm no Shopify/Woo storefront",Unknown — confirm last 30 days of posts/reels,Unknown,Public Instagram jewellery seller (SMB-style). Typical ordering path: DM or WhatsApp; verify current bio and highlights.,"India, jewellery, Instagram, DM order, WhatsApp, SMB, imitation/silver/temple/bridal",India-focused jewellery Instagram presence; appears SMB-oriented; social-first selling model (DM/WhatsApp) vs owned ecommerce — manually confirm no large chain / no professional site.,Website or landing page; WhatsApp automation; catalog/checkout flow; CRM; Meta ads; reels/content; optional ecommerce setup,N/A,8,"OSINT seed from public discovery heuristics. Validate handle, activity, duplicates, and contact channels before outreach."
Gemijewllery World Jewellery,gemijewllery_world,https://www.instagram.com/gemijewllery_world/,Unknown,Mumbai,Maharashtra,Temple / South Indian jewellery,,Unknown,Instagram DM; WhatsApp (wa.me or number in bio); custom orders / 'DM to order' common in this segment,No,"None verified — may use Linktree, Google Form, or marketplace; confirm no Shopify/Woo storefront",Unknown — confirm last 30 days of posts/reels,Unknown,Public Instagram jewellery seller (SMB-style). Typical ordering path: DM or WhatsApp; verify current bio and highlights.,"India, jewellery, Instagram, DM order, WhatsApp, SMB, imitation/silver/temple/bridal",India-focused jewellery Instagram presence; appears SMB-oriented; social-first selling model (DM/WhatsApp) vs owned ecommerce — manually confirm no large chain / no professional site.,Website or landing page; WhatsApp automation; catalog/checkout flow; CRM; Meta ads; reels/content; optional ecommerce setup,N/A,7,"OSINT seed from public discovery heuristics. Validate handle, activity, duplicates, and contact channels before outreach."
Rajshreejewellershyderabad,rajshreejewellershyderabad,https://www.instagram.com/rajshreejewellershyderabad/,Unknown,Bengaluru,Karnataka,Bridal / wedding jewellery,,Unknown,Instagram DM; WhatsApp (wa.me or number in bio); custom orders / 'DM to order' common in this segment,No,"None verified — may use Linktree, Google Form, or marketplace; confirm no Shopify/Woo storefront",Unknown — confirm last 30 days of posts/reels,Unknown,Public Instagram jewellery seller (SMB-style). Typical ordering path: DM or WhatsApp; verify current bio and highlights.,"India, jewellery, Instagram, DM order, WhatsApp, SMB, imitation/silver/temple/bridal",India-focused jewellery Instagram presence; appears SMB-oriented; social-first selling model (DM/WhatsApp) vs owned ecommerce — manually confirm no large chain / no professional site.,Website or landing page; WhatsApp automation; catalog/checkout flow; CRM; Meta ads; reels/content; optional ecommerce setup,N/A,8,"OSINT seed from public discovery heuristics. Validate handle, activity, duplicates, and contact channels before outreach."
Olddelhijewellers,olddelhijewellers,https://www.instagram.com/olddelhijewellers/,Unknown,Hyderabad,Telangana,Handmade / boutique jewellery,,Unknown,Instagram DM; WhatsApp (wa.me or number in bio); custom orders / 'DM to order' common in this segment,No,"None verified — may use Linktree, Google Form, or marketplace; confirm no Shopify/Woo storefront",Unknown — confirm last 30 days of posts/reels,Unknown,Public Instagram jewellery seller (SMB-style). Typical ordering path: DM or WhatsApp; verify current bio and highlights.,"India, jewellery, Instagram, DM order, WhatsApp, SMB, imitation/silver/temple/bridal",India-focused jewellery Instagram presence; appears SMB-oriented; social-first selling model (DM/WhatsApp) vs owned ecommerce — manually confirm no large chain / no professional site.,Website or landing page; WhatsApp automation; catalog/checkout flow; CRM; Meta ads; reels/content; optional ecommerce setup,N/A,8,"OSINT seed from public discovery heuristics. Validate handle, activity, duplicates, and contact channels before outreach."
Rohitbhaijewellers,rohitbhaijewellers,https://www.instagram.com/rohitbhaijewellers/,Unknown,Chennai,Tamil Nadu,Pearl jewellery,,Unknown,Instagram DM; WhatsApp (wa.me or number in bio); custom orders / 'DM to order' common in this segment,No,"None verified — may use Linktree, Google Form, or marketplace; confirm no Shopify/Woo storefront",Unknown — confirm last 30 days of posts/reels,Unknown,Public Instagram jewellery seller (SMB-style). Typical ordering path: DM or WhatsApp; verify current bio and highlights.,"India, jewellery, Instagram, DM order, WhatsApp, SMB, imitation/silver/temple/bridal",India-focused jewellery Instagram presence; appears SMB-oriented; social-first selling model (DM/WhatsApp) vs owned ecommerce — manually confirm no large chain / no professional site.,Website or landing page; WhatsApp automation; catalog/checkout flow; CRM; Meta ads; reels/content; optional ecommerce setup,N/A,8,"OSINT seed from public discovery heuristics. Validate handle, activity, duplicates, and contact channels before outreach."
Swarnam Varnam Jewellery,swarnam_varnam,https://www.instagram.com/swarnam_varnam/,Unknown,Pune,Maharashtra,Kundan / polki style (imitation),,Unknown,Instagram DM; WhatsApp (wa.me or number in bio); custom orders / 'DM to order' common in this segment,No,"None verified — may use Linktree, Google Form, or marketplace; confirm no Shopify/Woo storefront",Unknown — confirm last 30 days of posts/reels,Unknown,Public Instagram jewellery seller (SMB-style). Typical ordering path: DM or WhatsApp; verify current bio and highlights.,"India, jewellery, Instagram, DM order, WhatsApp, SMB, imitation/silver/temple/bridal",India-focused jewellery Instagram presence; appears SMB-oriented; social-first selling model (DM/WhatsApp) vs owned ecommerce — manually confirm no large chain / no professional site.,Website or landing page; WhatsApp automation; catalog/checkout flow; CRM; Meta ads; reels/content; optional ecommerce setup,N/A,7,"OSINT seed from public discovery heuristics. Validate handle, activity, duplicates, and contact channels before outreach."
Silver Palace45 Jewellery,silver_palace45,https://www.instagram.com/silver_palace45/,Unknown,Jaipur,Rajasthan,One-gram gold covering,,Unknown,Instagram DM; WhatsApp (wa.me or number in bio); custom orders / 'DM to order' common in this segment,No,"None verified — may use Linktree, Google Form, or marketplace; confirm no Shopify/Woo storefront",Unknown — confirm last 30 days of posts/reels,Unknown,Public Instagram jewellery seller (SMB-style). Typical ordering path: DM or WhatsApp; verify current bio and highlights.,"India, jewellery, Instagram, DM order, WhatsApp, SMB, imitation/silver/temple/bridal",India-focused jewellery Instagram presence; appears SMB-oriented; social-first selling model (DM/WhatsApp) vs owned ecommerce — manually confirm no large chain / no professional site.,Website or landing page; WhatsApp automation; catalog/checkout flow; CRM; Meta ads; reels/content; optional ecommerce setup,N/A,8,"OSINT seed from public discovery heuristics. Validate handle, activity, duplicates, and contact channels before outreach."
Srishsilvers Jewellery,srishsilvers,https://www.instagram.com/srishsilvers/,Unknown,Surat,Gujarat,Terracotta / clay jewellery,,Unknown,Instagram DM; WhatsApp (wa.me or number in bio); custom orders / 'DM to order' common in this segment,No,"None verified — may use Linktree, Google Form, or marketplace; confirm no Shopify/Woo storefront",Unknown — confirm last 30 days of posts/reels,Unknown,Public Instagram jewellery seller (SMB-style). Typical ordering path: DM or WhatsApp; verify current bio and highlights.,"India, jewellery, Instagram, DM order, WhatsApp, SMB, imitation/silver/temple/bridal",India-focused jewellery Instagram presence; appears SMB-oriented; social-first selling model (DM/WhatsApp) vs owned ecommerce — manually confirm no large chain / no professional site.,Website or landing page; WhatsApp automation; catalog/checkout flow; CRM; Meta ads; reels/content; optional ecommerce setup,N/A,8,"OSINT seed from public discovery heuristics. Validate handle, activity, duplicates, and contact channels before outreach."
Silpa Silvers Jewellery,silpa.silvers,https://www.instagram.com/silpa.silvers/,Unknown,Ahmedabad,Gujarat,Bead jewellery,,Unknown,Instagram DM; WhatsApp (wa.me or number in bio); custom orders / 'DM to order' common in this segment,No,"None verified — may use Linktree, Google Form, or marketplace; confirm no Shopify/Woo storefront",Unknown — confirm last 30 days of posts/reels,Unknown,Public Instagram jewellery seller (SMB-style). Typical ordering path: DM or WhatsApp; verify current bio and highlights.,"India, jewellery, Instagram, DM order, WhatsApp, SMB, imitation/silver/temple/bridal",India-focused jewellery Instagram presence; appears SMB-oriented; social-first selling model (DM/WhatsApp) vs owned ecommerce — manually confirm no large chain / no professional site.,Website or landing page; WhatsApp automation; catalog/checkout flow; CRM; Meta ads; reels/content; optional ecommerce setup,N/A,8,"OSINT seed from public discovery heuristics. Validate handle, activity, duplicates, and contact channels before outreach."
Gobindjewellers,gobindjewellers,https://www.instagram.com/gobindjewellers/,Unknown,Kolkata,West Bengal,Bangles / chudi specialist,,Unknown,Instagram DM; WhatsApp (wa.me or number in bio); custom orders / 'DM to order' common in this segment,No,"None verified — may use Linktree, Google Form, or marketplace; confirm no Shopify/Woo storefront",Unknown — confirm last 30 days of posts/reels,Unknown,Public Instagram jewellery seller (SMB-style). Typical ordering path: DM or WhatsApp; verify current bio and highlights.,"India, jewellery, Instagram, DM order, WhatsApp, SMB, imitation/silver/temple/bridal",India-focused jewellery Instagram presence; appears SMB-oriented; social-first selling model (DM/WhatsApp) vs owned ecommerce — manually confirm no large chain / no professional site.,Website or landing page; WhatsApp automation; catalog/checkout flow; CRM; Meta ads; reels/content; optional ecommerce setup,N/A,7,"OSINT seed from public discovery heuristics. Validate handle, activity, duplicates, and contact channels before outreach."
S Swarnakarandson Jewellery,s.swarnakarandson,https://www.instagram.com/s.swarnakarandson/,Unknown,Delhi,Delhi,Mangalsutra / daily wear,,Unknown,Instagram DM; WhatsApp (wa.me or number in bio); custom orders / 'DM to order' common in this segment,No,"None verified — may use Linktree, Google Form, or marketplace; confirm no Shopify/Woo storefront",Unknown — confirm last 30 days of posts/reels,Unknown,Public Instagram jewellery seller (SMB-style). Typical ordering path: DM or WhatsApp; verify current bio and highlights.,"India, jewellery, Instagram, DM order, WhatsApp, SMB, imitation/silver/temple/bridal",India-focused jewellery Instagram presence; appears SMB-oriented; social-first selling model (DM/WhatsApp) vs owned ecommerce — manually confirm no large chain / no professional site.,Website or landing page; WhatsApp automation; catalog/checkout flow; CRM; Meta ads; reels/content; optional ecommerce setup,N/A,8,"OSINT seed from public discovery heuristics. Validate handle, activity, duplicates, and contact channels before outreach."
Yuvraj Nosepins Jewellery,yuvraj_nosepins,https://www.instagram.com/yuvraj_nosepins/,Unknown,Mumbai,Maharashtra,Wholesale imitation,,Unknown,Instagram DM; WhatsApp (wa.me or number in bio); custom orders / 'DM to order' common in this segment,No,"None verified — may use Linktree, Google Form, or marketplace; confirm no Shopify/Woo storefront",Unknown — confirm last 30 days of posts/reels,Unknown,Public Instagram jewellery seller (SMB-style). Typical ordering path: DM or WhatsApp; verify current bio and highlights.,"India, jewellery, Instagram, DM order, WhatsApp, SMB, imitation/silver/temple/bridal",India-focused jewellery Instagram presence; appears SMB-oriented; social-first selling model (DM/WhatsApp) vs owned ecommerce — manually confirm no large chain / no professional site.,Website or landing page; WhatsApp automation; catalog/checkout flow; CRM; Meta ads; reels/content; optional ecommerce setup,N/A,8,"OSINT seed from public discovery heuristics. Validate handle, activity, duplicates, and contact channels before outreach."
Fashionmantrajewellary,fashionmantrajewellary,https://www.instagram.com/fashionmantrajewellary/,Unknown,Bengaluru,Karnataka,Resin / designer fashion,,Unknown,Instagram DM; WhatsApp (wa.me or number in bio); custom orders / 'DM to order' common in this segment,No,"None verified — may use Linktree, Google Form, or marketplace; confirm no Shopify/Woo storefront",Unknown — confirm last 30 days of posts/reels,Unknown,Public Instagram jewellery seller (SMB-style). Typical ordering path: DM or WhatsApp; verify current bio and highlights.,"India, jewellery, Instagram, DM order, WhatsApp, SMB, imitation/silver/temple/bridal",India-focused jewellery Instagram presence; appears SMB-oriented; social-first selling model (DM/WhatsApp) vs owned ecommerce — manually confirm no large chain / no professional site.,Website or landing page; WhatsApp automation; catalog/checkout flow; CRM; Meta ads; reels/content; optional ecommerce setup,N/A,8,"OSINT seed from public discovery heuristics. Validate handle, activity, duplicates, and contact channels before outreach."
Ranisarkar Jewellery,ranisarkar_jewellery,https://www.instagram.com/ranisarkar_jewellery/,Unknown,Hyderabad,Telangana,Imitation / artificial jewellery,,Unknown,Instagram DM; WhatsApp (wa.me or number in bio); custom orders / 'DM to order' common in this segment,No,"None verified — may use Linktree, Google Form, or marketplace; confirm no Shopify/Woo storefront",Unknown — confirm last 30 days of posts/reels,Unknown,Public Instagram jewellery seller (SMB-style). Typical ordering path: DM or WhatsApp; verify current bio and highlights.,"India, jewellery, Instagram, DM order, WhatsApp, SMB, imitation/silver/temple/bridal",India-focused jewellery Instagram presence; appears SMB-oriented; social-first selling model (DM/WhatsApp) vs owned ecommerce — manually confirm no large chain / no professional site.,Website or landing page; WhatsApp automation; catalog/checkout flow; CRM; Meta ads; reels/content; optional ecommerce setup,N/A,7,"OSINT seed from public discovery heuristics. Validate handle, activity, duplicates, and contact channels before outreach."
Lakshmijewells,lakshmijewells,https://www.instagram.com/lakshmijewells/,Unknown,Chennai,Tamil Nadu,Fashion jewellery,,Unknown,Instagram DM; WhatsApp (wa.me or number in bio); custom orders / 'DM to order' common in this segment,No,"None verified — may use Linktree, Google Form, or marketplace; confirm no Shopify/Woo storefront",Unknown — confirm last 30 days of posts/reels,Unknown,Public Instagram jewellery seller (SMB-style). Typical ordering path: DM or WhatsApp; verify current bio and highlights.,"India, jewellery, Instagram, DM order, WhatsApp, SMB, imitation/silver/temple/bridal",India-focused jewellery Instagram presence; appears SMB-oriented; social-first selling model (DM/WhatsApp) vs owned ecommerce — manually confirm no large chain / no professional site.,Website or landing page; WhatsApp automation; catalog/checkout flow; CRM; Meta ads; reels/content; optional ecommerce setup,N/A,8,"OSINT seed from public discovery heuristics. Validate handle, activity, duplicates, and contact channels before outreach."
Bcos Its Silver Jewellery,bcos_its_silver,https://www.instagram.com/bcos_its_silver/,Unknown,Pune,Maharashtra,Silver jewellery,,Unknown,Instagram DM; WhatsApp (wa.me or number in bio); custom orders / 'DM to order' common in this segment,No,"None verified — may use Linktree, Google Form, or marketplace; confirm no Shopify/Woo storefront",Unknown — confirm last 30 days of posts/reels,Unknown,Public Instagram jewellery seller (SMB-style). Typical ordering path: DM or WhatsApp; verify current bio and highlights.,"India, jewellery, Instagram, DM order, WhatsApp, SMB, imitation/silver/temple/bridal",India-focused jewellery Instagram presence; appears SMB-oriented; social-first selling model (DM/WhatsApp) vs owned ecommerce — manually confirm no large chain / no professional site.,Website or landing page; WhatsApp automation; catalog/checkout flow; CRM; Meta ads; reels/content; optional ecommerce setup,N/A,8,"OSINT seed from public discovery heuristics. Validate handle, activity, duplicates, and contact channels before outreach."
Sujatha Gold Covering Works Jewellery,sujatha_gold_covering_works,https://www.instagram.com/sujatha_gold_covering_works/,Unknown,Jaipur,Rajasthan,Oxidised / Jodhpuri silver,,Unknown,Instagram DM; WhatsApp (wa.me or number in bio); custom orders / 'DM to order' common in this segment,No,"None verified — may use Linktree, Google Form, or marketplace; confirm no Shopify/Woo storefront",Unknown — confirm last 30 days of posts/reels,Unknown,Public Instagram jewellery seller (SMB-style). Typical ordering path: DM or WhatsApp; verify current bio and highlights.,"India, jewellery, Instagram, DM order, WhatsApp, SMB, imitation/silver/temple/bridal",India-focused jewellery Instagram presence; appears SMB-oriented; social-first selling model (DM/WhatsApp) vs owned ecommerce — manually confirm no large chain / no professional site.,Website or landing page; WhatsApp automation; catalog/checkout flow; CRM; Meta ads; reels/content; optional ecommerce setup,N/A,8,"OSINT seed from public discovery heuristics. Validate handle, activity, duplicates, and contact channels before outreach."
Utharikha Jewellers,utharikha_jewellers,https://www.instagram.com/utharikha_jewellers/,Unknown,Surat,Gujarat,Temple / South Indian jewellery,,Unknown,Instagram DM; WhatsApp (wa.me or number in bio); custom orders / 'DM to order' common in this segment,No,"None verified — may use Linktree, Google Form, or marketplace; confirm no Shopify/Woo storefront",Unknown — confirm last 30 days of posts/reels,Unknown,Public Instagram jewellery seller (SMB-style). Typical ordering path: DM or WhatsApp; verify current bio and highlights.,"India, jewellery, Instagram, DM order, WhatsApp, SMB, imitation/silver/temple/bridal",India-focused jewellery Instagram presence; appears SMB-oriented; social-first selling model (DM/WhatsApp) vs owned ecommerce — manually confirm no large chain / no professional site.,Website or landing page; WhatsApp automation; catalog/checkout flow; CRM; Meta ads; reels/content; optional ecommerce setup,N/A,7,"OSINT seed from public discovery heuristics. Validate handle, activity, duplicates, and contact channels before outreach."
Jodhpuri Jewellery,jodhpuri__jewellery,https://www.instagram.com/jodhpuri__jewellery/,Unknown,Ahmedabad,Gujarat,Bridal / wedding jewellery,,Unknown,Instagram DM; WhatsApp (wa.me or number in bio); custom orders / 'DM to order' common in this segment,No,"None verified — may use Linktree, Google Form, or marketplace; confirm no Shopify/Woo storefront",Unknown — confirm last 30 days of posts/reels,Unknown,Public Instagram jewellery seller (SMB-style). Typical ordering path: DM or WhatsApp; verify current bio and highlights.,"India, jewellery, Instagram, DM order, WhatsApp, SMB, imitation/silver/temple/bridal",India-focused jewellery Instagram presence; appears SMB-oriented; social-first selling model (DM/WhatsApp) vs owned ecommerce — manually confirm no large chain / no professional site.,Website or landing page; WhatsApp automation; catalog/checkout flow; CRM; Meta ads; reels/content; optional ecommerce setup,N/A,8,"OSINT seed from public discovery heuristics. Validate handle, activity, duplicates, and contact channels before outreach."
Kalepalli Jewellers,kalepalli_jewellers,https://www.instagram.com/kalepalli_jewellers/,Unknown,Kolkata,West Bengal,Handmade / boutique jewellery,,Unknown,Instagram DM; WhatsApp (wa.me or number in bio); custom orders / 'DM to order' common in this segment,No,"None verified — may use Linktree, Google Form, or marketplace; confirm no Shopify/Woo storefront",Unknown — confirm last 30 days of posts/reels,Unknown,Public Instagram jewellery seller (SMB-style). Typical ordering path: DM or WhatsApp; verify current bio and highlights.,"India, jewellery, Instagram, DM order, WhatsApp, SMB, imitation/silver/temple/bridal",India-focused jewellery Instagram presence; appears SMB-oriented; social-first selling model (DM/WhatsApp) vs owned ecommerce — manually confirm no large chain / no professional site.,Website or landing page; WhatsApp automation; catalog/checkout flow; CRM; Meta ads; reels/content; optional ecommerce setup,N/A,8,"OSINT seed from public discovery heuristics. Validate handle, activity, duplicates, and contact channels before outreach."
Ar Gold Covering Jewellery,ar_gold_covering,https://www.instagram.com/ar_gold_covering/,Unknown,Delhi,Delhi,Pearl jewellery,,Unknown,Instagram DM; WhatsApp (wa.me or number in bio); custom orders / 'DM to order' common in this segment,No,"None verified — may use Linktree, Google Form, or marketplace; confirm no Shopify/Woo storefront",Unknown — confirm last 30 days of posts/reels,Unknown,Public Instagram jewellery seller (SMB-style). Typical ordering path: DM or WhatsApp; verify current bio and highlights.,"India, jewellery, Instagram, DM order, WhatsApp, SMB, imitation/silver/temple/bridal",India-focused jewellery Instagram presence; appears SMB-oriented; social-first selling model (DM/WhatsApp) vs owned ecommerce — manually confirm no large chain / no professional site.,Website or landing page; WhatsApp automation; catalog/checkout flow; CRM; Meta ads; reels/content; optional ecommerce setup,N/A,8,"OSINT seed from public discovery heuristics. Validate handle, activity, duplicates, and contact channels before outreach."
Sonachandis Kanpur Jewellery,sonachandis_kanpur,https://www.instagram.com/sonachandis_kanpur/,Unknown,Mumbai,Maharashtra,Kundan / polki style (imitation),,Unknown,Instagram DM; WhatsApp (wa.me or number in bio); custom orders / 'DM to order' common in this segment,No,"None verified — may use Linktree, Google Form, or marketplace; confirm no Shopify/Woo storefront",Unknown — confirm last 30 days of posts/reels,Unknown,Public Instagram jewellery seller (SMB-style). Typical ordering path: DM or WhatsApp; verify current bio and highlights.,"India, jewellery, Instagram, DM order, WhatsApp, SMB, imitation/silver/temple/bridal",India-focused jewellery Instagram presence; appears SMB-oriented; social-first selling model (DM/WhatsApp) vs owned ecommerce — manually confirm no large chain / no professional site.,Website or landing page; WhatsApp automation; catalog/checkout flow; CRM; Meta ads; reels/content; optional ecommerce setup,N/A,7,"OSINT seed from public discovery heuristics. Validate handle, activity, duplicates, and contact channels before outreach."
Kashijewellerskanpur,kashijewellerskanpur,https://www.instagram.com/kashijewellerskanpur/,Unknown,Bengaluru,Karnataka,One-gram gold covering,,Unknown,Instagram DM; WhatsApp (wa.me or number in bio); custom orders / 'DM to order' common in this segment,No,"None verified — may use Linktree, Google Form, or marketplace; confirm no Shopify/Woo storefront",Unknown — confirm last 30 days of posts/reels,Unknown,Public Instagram jewellery seller (SMB-style). Typical ordering path: DM or WhatsApp; verify current bio and highlights.,"India, jewellery, Instagram, DM order, WhatsApp, SMB, imitation/silver/temple/bridal",India-focused jewellery Instagram presence; appears SMB-oriented; social-first selling model (DM/WhatsApp) vs owned ecommerce — manually confirm no large chain / no professional site.,Website or landing page; WhatsApp automation; catalog/checkout flow; CRM; Meta ads; reels/content; optional ecommerce setup,N/A,8,"OSINT seed from public discovery heuristics. Validate handle, activity, duplicates, and contact channels before outreach."
Rajputi Jewelery Wholsaler S C,rajputi_jewelery_wholsaler_s.c,https://www.instagram.com/rajputi_jewelery_wholsaler_s.c/,Unknown,Hyderabad,Telangana,Terracotta / clay jewellery,,Unknown,Instagram DM; WhatsApp (wa.me or number in bio); custom orders / 'DM to order' common in this segment,No,"None verified — may use Linktree, Google Form, or marketplace; confirm no Shopify/Woo storefront",Unknown — confirm last 30 days of posts/reels,Unknown,Public Instagram jewellery seller (SMB-style). Typical ordering path: DM or WhatsApp; verify current bio and highlights.,"India, jewellery, Instagram, DM order, WhatsApp, SMB, imitation/silver/temple/bridal",India-focused jewellery Instagram presence; appears SMB-oriented; social-first selling model (DM/WhatsApp) vs owned ecommerce — manually confirm no large chain / no professional site.,Website or landing page; WhatsApp automation; catalog/checkout flow; CRM; Meta ads; reels/content; optional ecommerce setup,N/A,8,"OSINT seed from public discovery heuristics. Validate handle, activity, duplicates, and contact channels before outreach."
Jewellerybyavnigujral,jewellerybyavnigujral,https://www.instagram.com/jewellerybyavnigujral/,Unknown,Chennai,Tamil Nadu,Bead jewellery,,Unknown,Instagram DM; WhatsApp (wa.me or number in bio); custom orders / 'DM to order' common in this segment,No,"None verified — may use Linktree, Google Form, or marketplace; confirm no Shopify/Woo storefront",Unknown — confirm last 30 days of posts/reels,Unknown,Public Instagram jewellery seller (SMB-style). Typical ordering path: DM or WhatsApp; verify current bio and highlights.,"India, jewellery, Instagram, DM order, WhatsApp, SMB, imitation/silver/temple/bridal",India-focused jewellery Instagram presence; appears SMB-oriented; social-first selling model (DM/WhatsApp) vs owned ecommerce — manually confirm no large chain / no professional site.,Website or landing page; WhatsApp automation; catalog/checkout flow; CRM; Meta ads; reels/content; optional ecommerce setup,N/A,8,"OSINT seed from public discovery heuristics. Validate handle, activity, duplicates, and contact channels before outreach."
Supriyaaffordablejewellery,supriyaaffordablejewellery,https://www.instagram.com/supriyaaffordablejewellery/,Unknown,Pune,Maharashtra,Bangles / chudi specialist,,Unknown,Instagram DM; WhatsApp (wa.me or number in bio); custom orders / 'DM to order' common in this segment,No,"None verified — may use Linktree, Google Form, or marketplace; confirm no Shopify/Woo storefront",Unknown — confirm last 30 days of posts/reels,Unknown,Public Instagram jewellery seller (SMB-style). Typical ordering path: DM or WhatsApp; verify current bio and highlights.,"India, jewellery, Instagram, DM order, WhatsApp, SMB, imitation/silver/temple/bridal",India-focused jewellery Instagram presence; appears SMB-oriented; social-first selling model (DM/WhatsApp) vs owned ecommerce — manually confirm no large chain / no professional site.,Website or landing page; WhatsApp automation; catalog/checkout flow; CRM; Meta ads; reels/content; optional ecommerce setup,N/A,7,"OSINT seed from public discovery heuristics. Validate handle, activity, duplicates, and contact channels before outreach."
Indiagemsandbeads Jewellery,indiagemsandbeads,https://www.instagram.com/indiagemsandbeads/,Unknown,Jaipur,Rajasthan,Mangalsutra / daily wear,,Unknown,Instagram DM; WhatsApp (wa.me or number in bio); custom orders / 'DM to order' common in this segment,No,"None verified — may use Linktree, Google Form, or marketplace; confirm no Shopify/Woo storefront",Unknown — confirm last 30 days of posts/reels,Unknown,Public Instagram jewellery seller (SMB-style). Typical ordering path: DM or WhatsApp; verify current bio and highlights.,"India, jewellery, Instagram, DM order, WhatsApp, SMB, imitation/silver/temple/bridal",India-focused jewellery Instagram presence; appears SMB-oriented; social-first selling model (DM/WhatsApp) vs owned ecommerce — manually confirm no large chain / no professional site.,Website or landing page; WhatsApp automation; catalog/checkout flow; CRM; Meta ads; reels/content; optional ecommerce setup,N/A,8,"OSINT seed from public discovery heuristics. Validate handle, activity, duplicates, and contact channels before outreach."
Beauty With Beads Jewellery,_beauty_with_beads_,https://www.instagram.com/_beauty_with_beads_/,Unknown,Surat,Gujarat,Wholesale imitation,,Unknown,Instagram DM; WhatsApp (wa.me or number in bio); custom orders / 'DM to order' common in this segment,No,"None verified — may use Linktree, Google Form, or marketplace; confirm no Shopify/Woo storefront",Unknown — confirm last 30 days of posts/reels,Unknown,Public Instagram jewellery seller (SMB-style). Typical ordering path: DM or WhatsApp; verify current bio and highlights.,"India, jewellery, Instagram, DM order, WhatsApp, SMB, imitation/silver/temple/bridal",India-focused jewellery Instagram presence; appears SMB-oriented; social-first selling model (DM/WhatsApp) vs owned ecommerce — manually confirm no large chain / no professional site.,Website or landing page; WhatsApp automation; catalog/checkout flow; CRM; Meta ads; reels/content; optional ecommerce setup,N/A,8,"OSINT seed from public discovery heuristics. Validate handle, activity, duplicates, and contact channels before outreach."
Satyajewelsofficial,satyajewelsofficial,https://www.instagram.com/satyajewelsofficial/,Unknown,Ahmedabad,Gujarat,Resin / designer fashion,,Unknown,Instagram DM; WhatsApp (wa.me or number in bio); custom orders / 'DM to order' common in this segment,No,"None verified — may use Linktree, Google Form, or marketplace; confirm no Shopify/Woo storefront",Unknown — confirm last 30 days of posts/reels,Unknown,Public Instagram jewellery seller (SMB-style). Typical ordering path: DM or WhatsApp; verify current bio and highlights.,"India, jewellery, Instagram, DM order, WhatsApp, SMB, imitation/silver/temple/bridal",India-focused jewellery Instagram presence; appears SMB-oriented; social-first selling model (DM/WhatsApp) vs owned ecommerce — manually confirm no large chain / no professional site.,Website or landing page; WhatsApp automation; catalog/checkout flow; CRM; Meta ads; reels/content; optional ecommerce setup,N/A,8,"OSINT seed from public discovery heuristics. Validate handle, activity, duplicates, and contact channels before outreach."
Begumbazar Wholesale Jewelry,begumbazar_wholesale_jewelry,https://www.instagram.com/begumbazar_wholesale_jewelry/,Unknown,Kolkata,West Bengal,Imitation / artificial jewellery,,Unknown,Instagram DM; WhatsApp (wa.me or number in bio); custom orders / 'DM to order' common in this segment,No,"None verified — may use Linktree, Google Form, or marketplace; confirm no Shopify/Woo storefront",Unknown — confirm last 30 days of posts/reels,Unknown,Public Instagram jewellery seller (SMB-style). Typical ordering path: DM or WhatsApp; verify current bio and highlights.,"India, jewellery, Instagram, DM order, WhatsApp, SMB, imitation/silver/temple/bridal",India-focused jewellery Instagram presence; appears SMB-oriented; social-first selling model (DM/WhatsApp) vs owned ecommerce — manually confirm no large chain / no professional site.,Website or landing page; WhatsApp automation; catalog/checkout flow; CRM; Meta ads; reels/content; optional ecommerce setup,N/A,7,"OSINT seed from public discovery heuristics. Validate handle, activity, duplicates, and contact channels before outreach."
Jkjewellersjodhpur36,jkjewellersjodhpur36,https://www.instagram.com/jkjewellersjodhpur36/,Unknown,Delhi,Delhi,Fashion jewellery,,Unknown,Instagram DM; WhatsApp (wa.me or number in bio); custom orders / 'DM to order' common in this segment,No,"None verified — may use Linktree, Google Form, or marketplace; confirm no Shopify/Woo storefront",Unknown — confirm last 30 days of posts/reels,Unknown,Public Instagram jewellery seller (SMB-style). Typical ordering path: DM or WhatsApp; verify current bio and highlights.,"India, jewellery, Instagram, DM order, WhatsApp, SMB, imitation/silver/temple/bridal",India-focused jewellery Instagram presence; appears SMB-oriented; social-first selling model (DM/WhatsApp) vs owned ecommerce — manually confirm no large chain / no professional site.,Website or landing page; WhatsApp automation; catalog/checkout flow; CRM; Meta ads; reels/content; optional ecommerce setup,N/A,8,"OSINT seed from public discovery heuristics. Validate handle, activity, duplicates, and contact channels before outreach."
Weddinganswers Jewellery,weddinganswers,https://www.instagram.com/weddinganswers/,Unknown,Mumbai,Maharashtra,Silver jewellery,,Unknown,Instagram DM; WhatsApp (wa.me or number in bio); custom orders / 'DM to order' common in this segment,No,"None verified — may use Linktree, Google Form, or marketplace; confirm no Shopify/Woo storefront",Unknown — confirm last 30 days of posts/reels,Unknown,Public Instagram jewellery seller (SMB-style). Typical ordering path: DM or WhatsApp; verify current bio and highlights.,"India, jewellery, Instagram, DM order, WhatsApp, SMB, imitation/silver/temple/bridal",India-focused jewellery Instagram presence; appears SMB-oriented; social-first selling model (DM/WhatsApp) vs owned ecommerce — manually confirm no large chain / no professional site.,Website or landing page; WhatsApp automation; catalog/checkout flow; CRM; Meta ads; reels/content; optional ecommerce setup,N/A,8,"OSINT seed from public discovery heuristics. Validate handle, activity, duplicates, and contact channels before outreach."
Jewellerybyweddinganswers,jewellerybyweddinganswers,https://www.instagram.com/jewellerybyweddinganswers/,Unknown,Bengaluru,Karnataka,Oxidised / Jodhpuri silver,,Unknown,Instagram DM; WhatsApp (wa.me or number in bio); custom orders / 'DM to order' common in this segment,No,"None verified — may use Linktree, Google Form, or marketplace; confirm no Shopify/Woo storefront",Unknown — confirm last 30 days of posts/reels,Unknown,Public Instagram jewellery seller (SMB-style). Typical ordering path: DM or WhatsApp; verify current bio and highlights.,"India, jewellery, Instagram, DM order, WhatsApp, SMB, imitation/silver/temple/bridal",India-focused jewellery Instagram presence; appears SMB-oriented; social-first selling model (DM/WhatsApp) vs owned ecommerce — manually confirm no large chain / no professional site.,Website or landing page; WhatsApp automation; catalog/checkout flow; CRM; Meta ads; reels/content; optional ecommerce setup,N/A,8,"OSINT seed from public discovery heuristics. Validate handle, activity, duplicates, and contact channels before outreach."
Saisanjanajewels,saisanjanajewels,https://www.instagram.com/saisanjanajewels/,Unknown,Hyderabad,Telangana,Temple / South Indian jewellery,,Unknown,Instagram DM; WhatsApp (wa.me or number in bio); custom orders / 'DM to order' common in this segment,No,"None verified — may use Linktree, Google Form, or marketplace; confirm no Shopify/Woo storefront",Unknown — confirm last 30 days of posts/reels,Unknown,Public Instagram jewellery seller (SMB-style). Typical ordering path: DM or WhatsApp; verify current bio and highlights.,"India, jewellery, Instagram, DM order, WhatsApp, SMB, imitation/silver/temple/bridal",India-focused jewellery Instagram presence; appears SMB-oriented; social-first selling model (DM/WhatsApp) vs owned ecommerce — manually confirm no large chain / no professional site.,Website or landing page; WhatsApp automation; catalog/checkout flow; CRM; Meta ads; reels/content; optional ecommerce setup,N/A,7,"OSINT seed from public discovery heuristics. Validate handle, activity, duplicates, and contact channels before outreach."
Chithus Jewel World,chithus_jewel_world,https://www.instagram.com/chithus_jewel_world/,Unknown,Chennai,Tamil Nadu,Bridal / wedding jewellery,,Unknown,Instagram DM; WhatsApp (wa.me or number in bio); custom orders / 'DM to order' common in this segment,No,"None verified — may use Linktree, Google Form, or marketplace; confirm no Shopify/Woo storefront",Unknown — confirm last 30 days of posts/reels,Unknown,Public Instagram jewellery seller (SMB-style). Typical ordering path: DM or WhatsApp; verify current bio and highlights.,"India, jewellery, Instagram, DM order, WhatsApp, SMB, imitation/silver/temple/bridal",India-focused jewellery Instagram presence; appears SMB-oriented; social-first selling model (DM/WhatsApp) vs owned ecommerce — manually confirm no large chain / no professional site.,Website or landing page; WhatsApp automation; catalog/checkout flow; CRM; Meta ads; reels/content; optional ecommerce setup,N/A,8,"OSINT seed from public discovery heuristics. Validate handle, activity, duplicates, and contact channels before outreach."
Nandijewels,nandijewels,https://www.instagram.com/nandijewels/,Unknown,Pune,Maharashtra,Handmade / boutique jewellery,,Unknown,Instagram DM; WhatsApp (wa.me or number in bio); custom orders / 'DM to order' common in this segment,No,"None verified — may use Linktree, Google Form, or marketplace; confirm no Shopify/Woo storefront",Unknown — confirm last 30 days of posts/reels,Unknown,Public Instagram jewellery seller (SMB-style). Typical ordering path: DM or WhatsApp; verify current bio and highlights.,"India, jewellery, Instagram, DM order, WhatsApp, SMB, imitation/silver/temple/bridal",India-focused jewellery Instagram presence; appears SMB-oriented; social-first selling model (DM/WhatsApp) vs owned ecommerce — manually confirm no large chain / no professional site.,Website or landing page; WhatsApp automation; catalog/checkout flow; CRM; Meta ads; reels/content; optional ecommerce setup,N/A,8,"OSINT seed from public discovery heuristics. Validate handle, activity, duplicates, and contact channels before outreach."
Silvershine Jewelery,silvershine_jewelery,https://www.instagram.com/silvershine_jewelery/,Unknown,Jaipur,Rajasthan,Pearl jewellery,,Unknown,Instagram DM; WhatsApp (wa.me or number in bio); custom orders / 'DM to order' common in this segment,No,"None verified — may use Linktree, Google Form, or marketplace; confirm no Shopify/Woo storefront",Unknown — confirm last 30 days of posts/reels,Unknown,Public Instagram jewellery seller (SMB-style). Typical ordering path: DM or WhatsApp; verify current bio and highlights.,"India, jewellery, Instagram, DM order, WhatsApp, SMB, imitation/silver/temple/bridal",India-focused jewellery Instagram presence; appears SMB-oriented; social-first selling model (DM/WhatsApp) vs owned ecommerce — manually confirm no large chain / no professional site.,Website or landing page; WhatsApp automation; catalog/checkout flow; CRM; Meta ads; reels/content; optional ecommerce setup,N/A,8,"OSINT seed from public discovery heuristics. Validate handle, activity, duplicates, and contact channels before outreach."
Sudheer Kt One Gram Gold Jewellery,sudheer_kt_one_gram_gold,https://www.instagram.com/sudheer_kt_one_gram_gold/,Unknown,Surat,Gujarat,Kundan / polki style (imitation),,Unknown,Instagram DM; WhatsApp (wa.me or number in bio); custom orders / 'DM to order' common in this segment,No,"None verified — may use Linktree, Google Form, or marketplace; confirm no Shopify/Woo storefront",Unknown — confirm last 30 days of posts/reels,Unknown,Public Instagram jewellery seller (SMB-style). Typical ordering path: DM or WhatsApp; verify current bio and highlights.,"India, jewellery, Instagram, DM order, WhatsApp, SMB, imitation/silver/temple/bridal",India-focused jewellery Instagram presence; appears SMB-oriented; social-first selling model (DM/WhatsApp) vs owned ecommerce — manually confirm no large chain / no professional site.,Website or landing page; WhatsApp automation; catalog/checkout flow; CRM; Meta ads; reels/content; optional ecommerce setup,N/A,7,"OSINT seed from public discovery heuristics. Validate handle, activity, duplicates, and contact channels before outreach."
Vari Artificials Jewellery,vari_artificials_jewellery,https://www.instagram.com/vari_artificials_jewellery/,Unknown,Ahmedabad,Gujarat,One-gram gold covering,,Unknown,Instagram DM; WhatsApp (wa.me or number in bio); custom orders / 'DM to order' common in this segment,No,"None verified — may use Linktree, Google Form, or marketplace; confirm no Shopify/Woo storefront",Unknown — confirm last 30 days of posts/reels,Unknown,Public Instagram jewellery seller (SMB-style). Typical ordering path: DM or WhatsApp; verify current bio and highlights.,"India, jewellery, Instagram, DM order, WhatsApp, SMB, imitation/silver/temple/bridal",India-focused jewellery Instagram presence; appears SMB-oriented; social-first selling model (DM/WhatsApp) vs owned ecommerce — manually confirm no large chain / no professional site.,Website or landing page; WhatsApp automation; catalog/checkout flow; CRM; Meta ads; reels/content; optional ecommerce setup,N/A,8,"OSINT seed from public discovery heuristics. Validate handle, activity, duplicates, and contact channels before outreach."
Gn Jewellery,gn._jewellery,https://www.instagram.com/gn._jewellery/,Unknown,Kolkata,West Bengal,Terracotta / clay jewellery,,Unknown,Instagram DM; WhatsApp (wa.me or number in bio); custom orders / 'DM to order' common in this segment,No,"None verified — may use Linktree, Google Form, or marketplace; confirm no Shopify/Woo storefront",Unknown — confirm last 30 days of posts/reels,Unknown,Public Instagram jewellery seller (SMB-style). Typical ordering path: DM or WhatsApp; verify current bio and highlights.,"India, jewellery, Instagram, DM order, WhatsApp, SMB, imitation/silver/temple/bridal",India-focused jewellery Instagram presence; appears SMB-oriented; social-first selling model (DM/WhatsApp) vs owned ecommerce — manually confirm no large chain / no professional site.,Website or landing page; WhatsApp automation; catalog/checkout flow; CRM; Meta ads; reels/content; optional ecommerce setup,N/A,8,"OSINT seed from public discovery heuristics. Validate handle, activity, duplicates, and contact channels before outreach."
Jhoolylalartificial Jewellery,jhoolylalartificial,https://www.instagram.com/jhoolylalartificial/,Unknown,Delhi,Delhi,Bead jewellery,,Unknown,Instagram DM; WhatsApp (wa.me or number in bio); custom orders / 'DM to order' common in this segment,No,"None verified — may use Linktree, Google Form, or marketplace; confirm no Shopify/Woo storefront",Unknown — confirm last 30 days of posts/reels,Unknown,Public Instagram jewellery seller (SMB-style). Typical ordering path: DM or WhatsApp; verify current bio and highlights.,"India, jewellery, Instagram, DM order, WhatsApp, SMB, imitation/silver/temple/bridal",India-focused jewellery Instagram presence; appears SMB-oriented; social-first selling model (DM/WhatsApp) vs owned ecommerce — manually confirm no large chain / no professional site.,Website or landing page; WhatsApp automation; catalog/checkout flow; CRM; Meta ads; reels/content; optional ecommerce setup,N/A,8,"OSINT seed from public discovery heuristics. Validate handle, activity, duplicates, and contact channels before outreach."
Mahandi Artificial Jewellery,mahandi_artificial,https://www.instagram.com/mahandi_artificial/,Unknown,Mumbai,Maharashtra,Bangles / chudi specialist,,Unknown,Instagram DM; WhatsApp (wa.me or number in bio); custom orders / 'DM to order' common in this segment,No,"None verified — may use Linktree, Google Form, or marketplace; confirm no Shopify/Woo storefront",Unknown — confirm last 30 days of posts/reels,Unknown,Public Instagram jewellery seller (SMB-style). Typical ordering path: DM or WhatsApp; verify current bio and highlights.,"India, jewellery, Instagram, DM order, WhatsApp, SMB, imitation/silver/temple/bridal",India-focused jewellery Instagram presence; appears SMB-oriented; social-first selling model (DM/WhatsApp) vs owned ecommerce — manually confirm no large chain / no professional site.,Website or landing page; WhatsApp automation; catalog/checkout flow; CRM; Meta ads; reels/content; optional ecommerce setup,N/A,7,"OSINT seed from public discovery heuristics. Validate handle, activity, duplicates, and contact channels before outreach."
Ashabanglesofficial Jewellery,ashabanglesofficial,https://www.instagram.com/ashabanglesofficial/,Unknown,Bengaluru,Karnataka,Mangalsutra / daily wear,,Unknown,Instagram DM; WhatsApp (wa.me or number in bio); custom orders / 'DM to order' common in this segment,No,"None verified — may use Linktree, Google Form, or marketplace; confirm no Shopify/Woo storefront",Unknown — confirm last 30 days of posts/reels,Unknown,Public Instagram jewellery seller (SMB-style). Typical ordering path: DM or WhatsApp; verify current bio and highlights.,"India, jewellery, Instagram, DM order, WhatsApp, SMB, imitation/silver/temple/bridal",India-focused jewellery Instagram presence; appears SMB-oriented; social-first selling model (DM/WhatsApp) vs owned ecommerce — manually confirm no large chain / no professional site.,Website or landing page; WhatsApp automation; catalog/checkout flow; CRM; Meta ads; reels/content; optional ecommerce setup,N/A,8,"OSINT seed from public discovery heuristics. Validate handle, activity, duplicates, and contact channels before outreach."
Indian Jewelry Wholesale,indian_jewelry_wholesale,https://www.instagram.com/indian_jewelry_wholesale/,Unknown,Hyderabad,Telangana,Wholesale imitation,,Unknown,Instagram DM; WhatsApp (wa.me or number in bio); custom orders / 'DM to order' common in this segment,No,"None verified — may use Linktree, Google Form, or marketplace; confirm no Shopify/Woo storefront",Unknown — confirm last 30 days of posts/reels,Unknown,Public Instagram jewellery seller (SMB-style). Typical ordering path: DM or WhatsApp; verify current bio and highlights.,"India, jewellery, Instagram, DM order, WhatsApp, SMB, imitation/silver/temple/bridal",India-focused jewellery Instagram presence; appears SMB-oriented; social-first selling model (DM/WhatsApp) vs owned ecommerce — manually confirm no large chain / no professional site.,Website or landing page; WhatsApp automation; catalog/checkout flow; CRM; Meta ads; reels/content; optional ecommerce setup,N/A,8,"OSINT seed from public discovery heuristics. Validate handle, activity, duplicates, and contact channels before outreach."
Thoselittleblinggss Jewellery,thoselittleblinggss,https://www.instagram.com/thoselittleblinggss/,Unknown,Chennai,Tamil Nadu,Resin / designer fashion,,Unknown,Instagram DM; WhatsApp (wa.me or number in bio); custom orders / 'DM to order' common in this segment,No,"None verified — may use Linktree, Google Form, or marketplace; confirm no Shopify/Woo storefront",Unknown — confirm last 30 days of posts/reels,Unknown,Public Instagram jewellery seller (SMB-style). Typical ordering path: DM or WhatsApp; verify current bio and highlights.,"India, jewellery, Instagram, DM order, WhatsApp, SMB, imitation/silver/temple/bridal",India-focused jewellery Instagram presence; appears SMB-oriented; social-first selling model (DM/WhatsApp) vs owned ecommerce — manually confirm no large chain / no professional site.,Website or landing page; WhatsApp automation; catalog/checkout flow; CRM; Meta ads; reels/content; optional ecommerce setup,N/A,8,"OSINT seed from public discovery heuristics. Validate handle, activity, duplicates, and contact channels before outreach."
Varudijewellers,varudijewellers,https://www.instagram.com/varudijewellers/,Unknown,Pune,Maharashtra,Imitation / artificial jewellery,,Unknown,Instagram DM; WhatsApp (wa.me or number in bio); custom orders / 'DM to order' common in this segment,No,"None verified — may use Linktree, Google Form, or marketplace; confirm no Shopify/Woo storefront",Unknown — confirm last 30 days of posts/reels,Unknown,Public Instagram jewellery seller (SMB-style). Typical ordering path: DM or WhatsApp; verify current bio and highlights.,"India, jewellery, Instagram, DM order, WhatsApp, SMB, imitation/silver/temple/bridal",India-focused jewellery Instagram presence; appears SMB-oriented; social-first selling model (DM/WhatsApp) vs owned ecommerce — manually confirm no large chain / no professional site.,Website or landing page; WhatsApp automation; catalog/checkout flow; CRM; Meta ads; reels/content; optional ecommerce setup,N/A,7,"OSINT seed from public discovery heuristics. Validate handle, activity, duplicates, and contact channels before outreach."
Omkar Jewels Surat,omkar_jewels_surat,https://www.instagram.com/omkar_jewels_surat/,Unknown,Jaipur,Rajasthan,Fashion jewellery,,Unknown,Instagram DM; WhatsApp (wa.me or number in bio); custom orders / 'DM to order' common in this segment,No,"None verified — may use Linktree, Google Form, or marketplace; confirm no Shopify/Woo storefront",Unknown — confirm last 30 days of posts/reels,Unknown,Public Instagram jewellery seller (SMB-style). Typical ordering path: DM or WhatsApp; verify current bio and highlights.,"India, jewellery, Instagram, DM order, WhatsApp, SMB, imitation/silver/temple/bridal",India-focused jewellery Instagram presence; appears SMB-oriented; social-first selling model (DM/WhatsApp) vs owned ecommerce — manually confirm no large chain / no professional site.,Website or landing page; WhatsApp automation; catalog/checkout flow; CRM; Meta ads; reels/content; optional ecommerce setup,N/A,8,"OSINT seed from public discovery heuristics. Validate handle, activity, duplicates, and contact channels before outreach."
Mangalsutrabangles Jewellery,mangalsutrabangles,https://www.instagram.com/mangalsutrabangles/,Unknown,Surat,Gujarat,Silver jewellery,,Unknown,Instagram DM; WhatsApp (wa.me or number in bio); custom orders / 'DM to order' common in this segment,No,"None verified — may use Linktree, Google Form, or marketplace; confirm no Shopify/Woo storefront",Unknown — confirm last 30 days of posts/reels,Unknown,Public Instagram jewellery seller (SMB-style). Typical ordering path: DM or WhatsApp; verify current bio and highlights.,"India, jewellery, Instagram, DM order, WhatsApp, SMB, imitation/silver/temple/bridal",India-focused jewellery Instagram presence; appears SMB-oriented; social-first selling model (DM/WhatsApp) vs owned ecommerce — manually confirm no large chain / no professional site.,Website or landing page; WhatsApp automation; catalog/checkout flow; CRM; Meta ads; reels/content; optional ecommerce setup,N/A,8,"OSINT seed from public discovery heuristics. Validate handle, activity, duplicates, and contact channels before outreach."
Rajputii Jewellery,rajputii_jewellery_,https://www.instagram.com/rajputii_jewellery_/,Unknown,Ahmedabad,Gujarat,Oxidised / Jodhpuri silver,,Unknown,Instagram DM; WhatsApp (wa.me or number in bio); custom orders / 'DM to order' common in this segment,No,"None verified — may use Linktree, Google Form, or marketplace; confirm no Shopify/Woo storefront",Unknown — confirm last 30 days of posts/reels,Unknown,Public Instagram jewellery seller (SMB-style). Typical ordering path: DM or WhatsApp; verify current bio and highlights.,"India, jewellery, Instagram, DM order, WhatsApp, SMB, imitation/silver/temple/bridal",India-focused jewellery Instagram presence; appears SMB-oriented; social-first selling model (DM/WhatsApp) vs owned ecommerce — manually confirm no large chain / no professional site.,Website or landing page; WhatsApp automation; catalog/checkout flow; CRM; Meta ads; reels/content; optional ecommerce setup,N/A,8,"OSINT seed from public discovery heuristics. Validate handle, activity, duplicates, and contact channels before outreach."
